{
    "greencough": {
        "yellowcough": [
             "There has to be a solution - if r_c tries hard enough, surely they can still save m_c from the yellowcough their greencough has progressed to.",
             "m_c sits in the medicine cat den, miserable, coughing so hard it feels like they can barely get a breath in. Their greencough has progressed to yellowcough, and the lookout looks grim."

        ]
    },
    "kittencough": {
        "whitecough": [
            "r_c quietly tells m_c's parent that they need to move m_c to the medicine cat den. m_c's kittencough has progressed to whitecough.",
            "m_c coughs pathetically, wondering why it's not getting better, and why they have to be in the horrible smelling medicine cat den now."

        ]
    },
    "an infected wound": {
        "a festering wound": [
            "The stink of infection has strengthened and worsened. r_c mutters about different herbs, as m_c watches them change yet another poultice that probably won't work.",
            "m_c swears they've been cleaning it, but their wound has begun to fester like week-old prey."

        ]
    },
    "running nose": {
        "whitecough": [
            "r_c moves m_c to the medicine cat den, where the whitecough that their running nose has turned into is more easily monitored.",
            "m_c brings themselves to the medicine cat den, concerned their running nose only seems to be getting worse."

        ]
    },
    "whitecough": {
        "greencough":[
            "r_c searches through their herb stores. m_c's whitecough has progressed to greencough, greatly worrying them.",
            "m_c coughs, feeling like they're hacking up half their lungs. This is definitely worse than whitecough ever gets."

        ]
    },
    "yellowcough": {
        "redcough": [
             "r_c spots the specks of blood in the bedding where m_c has been coughing, and swallows a wail of despair. If their yellowcough has progressed to redcough, it's a death sentence.",
             "m_c is going to be fine. They're sure of it. Their lungs don't hurt nearly as much anymore, and if there's blood in their mouth when they finish a coughing fit, what of it?"

        ]
    },
    "heat exhaustion": {
        "heat stroke": [
            "r_c squeezes the damp moss onto m_c's forehead, as they lie completely drained and panting. This is more than heat exhaustion, m_c will need time to recover from this heat stroke.",
            "m_c dazedly rolls around in their nest, searching for a cooler spot. Their exhaustion is beyond just a little thing, and their confused brain still has enough observational power to recognise full heat stroke."

        ]
    },
    "stomachache": {
        "diarrhea": [
            "Embarrassed, m_c reports to r_c that their stomachache is now having consequences at the other end of their digestive system. r_c, as non-squeamish as all medicine cats, tells m_c that it's now very important they keep drinking water, as the diarrhea will make them lose it quickly.",
            "m_c is now spending more time at the dirtplace than in camp, as their stomachache has progressed to diarrhea."

        ]
    },
    "fleas": {
        "torn pelt": [
            "m_c has been scratching incessantly at the fleas infesting their pelt and r_c scolds them for it as they gently clean the now raw areas of m_c's pelt.",
            "m_c scratches and scratches and scratches, ever frustrated by their fleas. The constant scratching has begun to tear up their pelt, leaving raw patches of skin exposed.",
            "m_c's constant flea scratching has torn their pelt.",
            "m_c can't help scratching at their fleas and has left raw spots on their pelt.",
            "Raw hairless patches are forming on m_c's pelt as they scratch and scratch at their fleas."
        ]
    },
    "grief stricken": {
        "lasting grief": [
            "m_c gazes blankly at the wall of the medicine den, not acknowledging r_c beside them. r_c sighs and sits beside them, hoping that their presence can provide some comfort.",
            "m_c curls up in their nest, numb to the other cats beside them. There's a hole inside their heart now that they feel could never again be filled.",
            "m_c pads out of camp, wanting nothing more than to be away from the pitying looks of their Clanmates.",
            "m_c wishes desperately to hear the voice of their loved one again, to see their face and smell their scent. The reality of the situation makes m_c want to wail into the sky.",
            "m_c realizes one day that this grief will never leave and they'll just have to learn to live with it, there's nothing else to do."
        ],
        "constant nightmares": [
            "m_c heads to the medicine den, hoping that r_c will give them some poppy seeds to help dampen the nightmares that have been plaguing them.",
            "m_c wakes from yet another nightmare, feeling as though they're being haunted by the ghost of the one they grieve.",
            "m_c wakes and wails, their dreams haunted by visions of their dead loved one.",
            "m_c jolts awake and immediately leaves the den to clear their head, hoping some fresh night air will help them cope with the sadness and memories."
        ]
    }
}