{
    "adventurous": [],
    "altruistic": [],
    "ambitious": [],
    "bloodthirsty": [
        "Thinks about killing the leader and staging it as an accident",
        "Encourages the leader to start a war"
    ],
    "bold": [],
    "calm": [],
    "careful": [],
    "charismatic": [],
    "childish": [],
    "cold": [],
    "compassionate": [],
    "confident": [],
    "daring": [],
    "empathetic": [],
    "faithful": [],
    "fierce": [],
    "insecure": [],
    "lonesome": [],
    "loving": [],
    "loyal": [],
    "nervous": [],
    "patient": [],
    "playful": [],
    "responsible": [],
    "righteous": [],
    "shameless": [],
    "sneaky": [],
    "strange": [
        "Accidentally assigns the same cat to three patrols",
        "Insists a hunting patrol only bring back mice",
        "Goes missing and comes back smelling like garlic",
        "Is making odd noises"
    ],
    "strict": [],
    "thoughtful": [],
    "troublesome": [],
    "vengeful": [],
    "wise": []
}