{
    "adventurous": [],
    "altruistic": [],
    "ambitious": [],
    "bloodthirsty": [],
    "bold": [],
    "calm": [],
    "careful": [],
    "charismatic": [],
    "childish": [],
    "cold": [],
    "compassionate": [],
    "confident": [],
    "daring": [],
    "empathetic": [],
    "faithful": [],
    "fierce": [],
    "insecure": [],
    "lonesome": [],
    "loving": [],
    "loyal": [],
    "nervous": [],
    "patient": [],
    "playful": [],
    "responsible": [],
    "righteous": [],
    "shameless": [],
    "sneaky": [],
    "strange": [],
    "strict": [],
    "thoughtful": [],
    "troublesome": [],
    "vengeful": [],
    "wise": []
}