{
    "adventurous": [],
    "altruistic": [],
    "ambitious": [],
    "bloodthirsty": [
        "Encourages warriors to start fights on border patrols",
        "Is debating if they should declare a war with another Clan",
        "Is wondering if they could hold apprentice ceremonies at 4 moons old instead"
    ],
    "bold": [],
    "calm": [],
    "careful": [],
    "charismatic": [],
    "childish": [],
    "cold": [],
    "compassionate": [],
    "confident": [],
    "daring": [],
    "empathetic": [],
    "faithful": [],
    "fierce": [],
    "insecure": [],
    "lonesome": [],
    "loving": [],
    "loyal": [],
    "nervous": [],
    "patient": [],
    "playful": [],
    "responsible": [],
    "righteous": [],
    "shameless": [],
    "sneaky": [],
    "strange": [
        "No thoughts, head empty",
        "Insists they they received ten lives instead of nine",
        "Has a crazed look in their eyes",
        "Is wondering how many cats would agree to changing the Clan's name..."
    ],
    "strict": [],
    "thoughtful": [],
    "troublesome": [],
    "vengeful": [],
    "wise": []
}