{
    "adventurous": [],
    "altruistic": [
        "Wonders why everyone can't just get along"
    ],
    "ambitious": [],
    "bloodthirsty": [
        "Is wondering if they should sabotage a relationship that is going a bit too well",
        "Wishes to break up a sickeningly lovey-dovey couple",
        "Chuckles to themself after sabotaging another relationship"
    ],
    "bold": [],
    "calm": [],
    "careful": [],
    "charismatic": [],
    "childish": [],
    "cold": [
        "Is judging two clanmates for their foolish argument",
        "Wishes to break up a sickeningly lovey dovey couple",
        "Is sitting back and watching an argument take place"
    ],
    "compassionate": [],
    "confident": [],
    "daring": [],
    "empathetic": [
        "Feels bad for a parent who can't seem to get along with their child",
        "Wonders why everyone can't just get along"
    ],
    "faithful": [],
    "fierce": [
        "Is greatly annoyed by a Clanmate's inability to accept they were in the wrong"
    ],
    "insecure": [
        "Finds mediating emotionally draining"
    ],
    "lonesome": [],
    "loving": [
        "Wonders why everyone can't just get along"
    ],
    "loyal": [],
    "nervous": [
        "Finds mediating emotionally draining",
        "Is feeling worried with all the high tension lately"
    ],
    "patient": [],
    "playful": [],
    "responsible": [],
    "righteous": [
        "Is greatly annoyed by a Clanmate's inability to accept they were in the wrong"
    ],
    "shameless": [],
    "sneaky": [],
    "strange": [],
    "strict": [],
    "thoughtful": [],
    "troublesome": [
        "Is looking for a pair to sabotage, out of boredom"
    ],
    "vengeful": [
        "Is wondering if they should sabotage a relationship that is going a bit too well",
        "Wishes to break up a sickeningly lovey dovey couple",
        "Is sitting back and watching an argument take place"
    ],
    "wise": []
}