[
    {
        "injury": "broken bone",
        "camp": "any",
        "tags": [
            "Newleaf",
            "Greenleaf",
            "Leaf-fall",
            "Leaf-bare"
        ],
        "event_text": "m_c couldn't help but try to show off by climbing the tallest tree they could find. Their plan backfired when they fell out of the tree.",
        "history_text": [
            "m_c was scarred after falling from a tree.",
            "m_c died from their wounds after falling from a tree.",
            null
        ],
        "cat_trait": ["adventurous", "ambitious", "bold", "childish", "confident", "daring", "playful", "troublesome"],
        "cat_skill": null,
        "other_cat_trait": null,
        "other_cat_skill": null
    },
    {
        "injury": "water in their lungs",
        "camp": "any",
        "tags": [
            "Newleaf",
            "Greenleaf",
            "Leaf-fall",
            "Leaf-bare",
            "other_cat_adult",
            "other_cat",
            "mc_to_rc",
            "platonic",
            "comfort",
            "trust",
            "respect",
            "neg_dislike"
        ],
        "event_text": "m_c went out of camp alone to practice swimming in the ocean, unfortunately their inexperience led to them being swept up by a riptide. r_c heard their cries and saved them, but m_c almost drowned.",
        "history_text": [
            null,
            "m_c died from watery lungs after nearly drowning in the ocean",
            null
        ],
        "cat_trait": ["adventurous", "ambitious", "bold", "childish", "confident", "daring", "playful", "troublesome"],
        "cat_skill": null,
        "other_cat_trait": null,
        "other_cat_skill": null
    },
    {
        "injury": "cracked pads",
        "camp": "any",
        "tags": [
            "Newleaf",
            "Greenleaf",
            "Leaf-fall",
            "Leaf-bare"
        ],
        "event_text": "m_c's paw pads aren't used to all the salt water they've been traipsing around in since becoming an apprentice, they've become cracked and sore.",
        "history_text": [
            null,
            null,
            null
        ],
        "cat_trait": null,
        "cat_skill": null,
        "other_cat_trait": null,
        "other_cat_skill": null
    },
    {
        "injury": "bruises",
        "camp": "camp2",
        "tags": [
            "Leaf-bare"
        ],
        "event_text": "m_c was dashing around the apprentice rock when they slipped and fell into the high tide waters of the cave. They're alright, if a bit bruised and embarrassed.",
        "history_text": [
            null,
            null,
            null
        ],
        "cat_trait": ["adventurous", "bold", "childish", "daring", "playful", "troublesome"],
        "cat_skill": null,
        "other_cat_trait": null,
        "other_cat_skill": null
    },
    {
        "injury": "bruises",
        "camp": "camp1",
        "tags": [
            "Newleaf",
            "Greenleaf",
            "Leaf-fall"
        ],
        "event_text": "m_c was messing around in the tide pools of the camp clearing when their paw slipped and they fell in face first. Their pride is wounded, but otherwise they're only bruised.",
        "history_text": [
            null,
            null,
            null
        ],
        "cat_trait": ["adventurous", "bold", "childish", "daring", "playful", "troublesome"],
        "cat_skill": null,
        "other_cat_trait": null,
        "other_cat_skill": null
    },
    {
        "injury": "shivering",
        "camp": "any",
        "tags": [
            "Leaf-fall",
            "Leaf-bare",
            "other_cat_app",
            "other_cat",
            "rc_to_mc",
            "respect"
        ],
        "event_text": "m_c unwisely decided to go out swimming alone after r_c dared them to. They made it back, but ended up drenched and shivering violently in the cold air.",
        "history_text": [
            null,
            "m_c died after swimming in freezing water.",
            null
        ],
        "cat_trait": null,
        "cat_skill": null,
        "other_cat_trait": ["adventurous", "bold", "childish", "daring", "playful", "troublesome"],
        "other_cat_skill": null
    },
    {
        "injury": "dehydrated",
        "camp": "any",
        "tags": [
            "Newleaf",
            "Greenleaf",
            "Leaf-fall",
            "Leaf-bare",
            "other_cat_mentor",
            "other_cat",
            "rc_to_mc",
            "neg_respect",
            "neg_trust",
            "neg_platonic",
            "dislike"
        ],
        "event_text": "m_c rarely pays attention when r_c talks about proper ocean safety and it shows when m_c gets thirsty on patrol and drinks salt water. They come back to camp severely dehydrated.",
        "history_text": [
            null,
            "m_c died after drinking salt water and becoming dehydrated.",
            null
        ],
        "cat_trait": ["troublesome", "strange"],
        "cat_skill": null,
        "other_cat_trait": null,
        "other_cat_skill": null
    }
]
