[
    {
        "camp": "any",
        "tags": ["Newleaf", "Greenleaf", "Leaf-fall", "Leaf-bare", "no_body"],
        "death_text": "m_c fell into a sinkhole and was never seen again.",
        "history_text": ["m_c fell into a sinkhole.", null],
        "cat_trait": null,
        "cat_skill": null,
        "other_cat_trait": null,
        "other_cat_skill": null
    },
    {
        "camp": "any",
        "tags": ["Newleaf", "Greenleaf", "Leaf-fall", "Leaf-bare"],
        "death_text": "m_c fell into a hidden burrow and was buried alive.",
        "history_text": ["m_c fell into a hidden burrow.", null],
        "cat_trait": null,
        "cat_skill": null,
        "other_cat_trait": null,
        "other_cat_skill": null
    },
    {
        "camp": "any",
        "tags": ["Newleaf", "Greenleaf", "Leaf-fall", "Leaf-bare"],
        "death_text": "m_c was buried alive when a burrow collapsed on them.",
        "history_text": ["m_c was buried alive by a collapsing burrow.", null],
        "cat_trait": null,
        "cat_skill": null,
        "other_cat_trait": null,
        "other_cat_skill": null
    },
    {
        "camp": "any",
        "tags": ["Greenleaf"],
        "death_text": "m_c died from dehydration and heat stroke.",
        "history_text": ["m_c died from dehydration and heat stroke.", null],
        "cat_trait": null,
        "cat_skill": null,
        "other_cat_trait": null,
        "other_cat_skill": null
    },
    {
        "camp": "any",
        "tags": ["Leaf-bare"],
        "death_text": "m_c froze to death during a harsh snowstorm.",
        "history_text": ["m_c froze to death.", null],
        "cat_trait": null,
        "cat_skill": null,
        "other_cat_trait": null,
        "other_cat_skill": null
    },
    {
        "camp": "any",
        "tags": ["Leaf-bare"],
        "death_text": "m_c was found dead and cold in the snow.",
        "history_text": ["m_c froze to death.", null],
        "cat_trait": null,
        "cat_skill": null,
        "other_cat_trait": null,
        "other_cat_skill": null
    },
    {
        "camp": "any",
        "tags": ["Leaf-bare"],
        "death_text": "m_c was walking on the ice when the ice cracked and they fell in.",
        "history_text": ["m_c froze to death after falling through ice.", null],
        "cat_trait": null,
        "cat_skill": null,
        "other_cat_trait": null,
        "other_cat_skill": null
    }
]