[
    {
        "camp": "any",
        "tags": ["Leaf-bare"],
        "death_text": "m_c was found dead and cold in the snow.",
        "history_text": ["m_c froze to death.", null],
        "cat_trait": null,
        "cat_skill": null,
        "other_cat_trait": null,
        "other_cat_skill": null
    },
    {
        "camp": "any",
        "tags": ["Leaf-bare"],
        "death_text": "m_c froze to death during a harsh snowstorm.",
        "history_text": ["m_c froze to death.", null],
        "cat_trait": null,
        "cat_skill": null,
        "other_cat_trait": null,
        "other_cat_skill": null
    },
    {
        "camp": "any",
        "tags": ["Leaf-bare"],
        "death_text": "m_c disappeared from the nursery and was found dead not far from camp.",
        "history_text": ["m_c froze to death.", null],
        "cat_trait": ["daring", "impulsive", "attention-seeker", "troublesome"],
        "cat_skill": null,
        "other_cat_trait": null,
        "other_cat_skill": null
    },
    {
        "camp": "any",
        "tags": ["Leaf-bare"],
        "death_text": "m_c was playing on the ice when the ice cracked and they fell in.",
        "history_text": ["m_c froze to death after falling through ice.", null],
        "cat_trait": ["daring", "attention-seeker", "impulsive"],
        "cat_skill": null,
        "other_cat_trait": null,
        "other_cat_skill": null
    },
    {
        "camp": "any",
        "tags": ["Greenleaf", "classic"],
        "death_text": "m_c died from dehydration and heat stroke.",
        "history_text": ["m_c died from dehydration and heat stroke.", null],
        "cat_trait": null,
        "cat_skill": null,
        "other_cat_trait": null,
        "other_cat_skill": null
    }
]