{
    "adventurous": {
        "altruistic": null,
        "ambitious": null,
        "bloodthirsty": null,
        "bold": true,
        "calm": false,
        "careful": false,
        "charismatic": true,
        "childish": true,
        "cold": null,
        "compassionate": null,
        "confident": true,
        "daring": true,
        "empathetic": null,
        "faithful": null,
        "fierce": null,
        "insecure": null,
        "lonesome": null,
        "loving": null,
        "loyal": null,
        "nervous": false,
        "patient": null,
        "playful": true,
        "responsible": false,
        "righteous": null,
        "shameless": null,
        "sneaky": true,
        "strange": null,
        "strict": false,
        "thoughtful": null,
        "troublesome": true,
        "vengeful": null,
        "wise": true
    },
    "altruistic": {
        "ambitious": false,
        "bloodthirsty": false,
        "bold": false,
        "calm": true,
        "careful": true,
        "charismatic": true,
        "childish": null,
        "cold": false,
        "compassionate": true,
        "confident": null,
        "daring": null,
        "empathetic": true,
        "faithful": true,
        "fierce": false,
        "insecure": true,
        "lonesome": true,
        "loving": true,
        "loyal": true,
        "nervous": true,
        "patient": true,
        "playful": null,
        "responsible": true,
        "righteous": null,
        "shameless": null,
        "sneaky": true,
        "strange": true,
        "strict": null,
        "thoughtful": true,
        "troublesome": null,
        "vengeful": false,
        "wise": true
    },
    "ambitious": {
        "bloodthirsty": true,
        "bold": true,
        "calm": null,
        "careful": null,
        "charismatic": true,
        "childish": false,
        "cold": false,
        "compassionate": false,
        "confident": true,
        "daring": true,
        "empathetic": false,
        "faithful": true,
        "fierce": true,
        "insecure": false,
        "lonesome": null,
        "loving": null,
        "loyal": true,
        "nervous": null,
        "patient": null,
        "playful": false,
        "responsible": true,
        "righteous": null,
        "shameless": false,
        "sneaky": false,
        "strange": null,
        "strict": null,
        "thoughtful": null,
        "troublesome": false,
        "vengeful": false,
        "wise": null
    },
    "bloodthirsty": {
        "bold": true,
        "calm": null,
        "careful": false,
        "charismatic": true,
        "childish": false,
        "cold": true,
        "compassionate": false,
        "confident": true,
        "daring": true,
        "empathetic": false,
        "faithful": null,
        "fierce": true,
        "insecure": null,
        "lonesome": null,
        "loving": null,
        "loyal": true,
        "nervous": null,
        "patient": null,
        "playful": null,
        "responsible": null,
        "righteous": false,
        "shameless": true,
        "sneaky": true,
        "strange": null,
        "strict": false,
        "thoughtful": null,
        "troublesome": null,
        "vengeful": true,
        "wise": null
    },
    "bold": {
        "calm": false,
        "careful": false,
        "charismatic": null,
        "childish": null,
        "cold": null,
        "compassionate": null,
        "confident": null,
        "daring": null,
        "empathetic": null,
        "faithful": null,
        "fierce": null,
        "insecure": false,
        "lonesome": false,
        "loving": null,
        "loyal": null,
        "nervous": false,
        "patient": null,
        "playful": null,
        "responsible": false,
        "righteous": null,
        "shameless": null,
        "sneaky": null,
        "strange": null,
        "strict": false,
        "thoughtful": null,
        "troublesome": null,
        "vengeful": null,
        "wise": null
    },
    "calm": {
        "careful": true,
        "charismatic": null,
        "childish": null,
        "cold": true,
        "compassionate": true,
        "confident": null,
        "daring": false,
        "empathetic": true,
        "faithful": true,
        "fierce": false,
        "insecure": true,
        "lonesome": true,
        "loving": true,
        "loyal": true,
        "nervous": true,
        "patient": true,
        "playful": true,
        "responsible": true,
        "righteous": null,
        "shameless": null,
        "sneaky": true,
        "strange": true,
        "strict": null,
        "thoughtful": true,
        "troublesome": null,
        "vengeful": false,
        "wise": true
    },
    "careful": {
        "charismatic": null,
        "childish": null,
        "cold": null,
        "compassionate": true,
        "confident": null,
        "daring": false,
        "empathetic": true,
        "faithful": true,
        "fierce": false,
        "insecure": true,
        "lonesome": true,
        "loving": true,
        "loyal": true,
        "nervous": true,
        "patient": true,
        "playful": null,
        "responsible": true,
        "righteous": null,
        "shameless": null,
        "sneaky": null,
        "strange": null,
        "strict": true,
        "thoughtful": true,
        "troublesome": null,
        "vengeful": false,
        "wise": true
    },
    "charismatic": {
        "childish": true,
        "cold": true,
        "compassionate": null,
        "confident": true,
        "daring": true,
        "empathetic": null,
        "faithful": true,
        "fierce": true,
        "insecure": null,
        "lonesome": null,
        "loving": true,
        "loyal": true,
        "nervous": null,
        "patient": null,
        "playful": null,
        "responsible": null,
        "righteous": null,
        "shameless": true,
        "sneaky": null,
        "strange": null,
        "strict": null,
        "thoughtful": null,
        "troublesome": null,
        "vengeful": null,
        "wise": null
    },
    "childish": {
        "cold": false,
        "compassionate": null,
        "confident": null,
        "daring": true,
        "empathetic": null,
        "faithful": null,
        "fierce": true,
        "insecure": null,
        "lonesome": null,
        "loving": true,
        "loyal": null,
        "nervous": null,
        "patient": true,
        "playful": true,
        "responsible": false,
        "righteous": null,
        "shameless": true,
        "sneaky": true,
        "strange": true,
        "strict": false,
        "thoughtful": null,
        "troublesome": true,
        "vengeful": false,
        "wise": null
    },
    "cold": {
        "compassionate": null,
        "confident": null,
        "daring": null,
        "empathetic": null,
        "faithful": null,
        "fierce": null,
        "insecure": false,
        "lonesome": true,
        "loving": null,
        "loyal": null,
        "nervous": false,
        "patient": true,
        "playful": false,
        "responsible": null,
        "righteous": null,
        "shameless": null,
        "sneaky": true,
        "strange": false,
        "strict": false,
        "thoughtful": null,
        "troublesome": null,
        "vengeful": null,
        "wise": true
    },
    "compassionate": {
        "confident": null,
        "daring": null,
        "empathetic": true,
        "faithful": true,
        "fierce": null,
        "insecure": true,
        "lonesome": true,
        "loving": true,
        "loyal": true,
        "nervous": true,
        "patient": true,
        "playful": null,
        "responsible": true,
        "righteous": null,
        "shameless": null,
        "sneaky": null,
        "strange": true,
        "strict": false,
        "thoughtful": true,
        "troublesome": false,
        "vengeful": false,
        "wise": true
    },
    "confident": {
        "daring": true,
        "empathetic": null,
        "faithful": null,
        "fierce": true,
        "insecure": false,
        "lonesome": null,
        "loving": null,
        "loyal": true,
        "nervous": null,
        "patient": null,
        "playful": null,
        "responsible": null,
        "righteous": null,
        "shameless": true,
        "sneaky": null,
        "strange": null,
        "strict": null,
        "thoughtful": null,
        "troublesome": null,
        "vengeful": null,
        "wise": null
    },
    "daring": {
        "empathetic": null,
        "faithful": null,
        "fierce": true,
        "insecure": null,
        "lonesome": null,
        "loving": null,
        "loyal": null,
        "nervous": false,
        "patient": null,
        "playful": true,
        "responsible": null,
        "righteous": null,
        "shameless": true,
        "sneaky": true,
        "strange": true,
        "strict": false,
        "thoughtful": null,
        "troublesome": true,
        "vengeful": null,
        "wise": null
    },
    "empathetic": {
        "faithful": true,
        "fierce": null,
        "insecure": true,
        "lonesome": true,
        "loving": true,
        "loyal": true,
        "nervous": true,
        "patient": true,
        "playful": true,
        "responsible": true,
        "righteous": null,
        "shameless": null,
        "sneaky": null,
        "strange": true,
        "strict": null,
        "thoughtful": true,
        "troublesome": null,
        "vengeful": false,
        "wise": true
    },
    "faithful": {
        "faithful": null,
        "fierce": null,
        "insecure": null,
        "lonesome": null,
        "loving": true,
        "loyal": true,
        "nervous": null,
        "patient": true,
        "playful": null,
        "responsible": true,
        "righteous": true,
        "shameless": null,
        "sneaky": false,
        "strange": false,
        "strict": null,
        "thoughtful": true,
        "troublesome": false,
        "vengeful": false,
        "wise": false
    },
    "fierce": {
        "insecure": null,
        "lonesome": null,
        "loving": null,
        "loyal": true,
        "nervous": false,
        "patient": null,
        "playful": null,
        "responsible": null,
        "righteous": null,
        "shameless": null,
        "sneaky": null,
        "strange": null,
        "strict": null,
        "thoughtful": null,
        "troublesome": null,
        "vengeful": null,
        "wise": null
    },
    "insecure": {
        "lonesome": null,
        "loving": true,
        "loyal": true,
        "nervous": true,
        "patient": true,
        "playful": null,
        "responsible": null,
        "righteous": null,
        "shameless": true,
        "sneaky": null,
        "strange": true,
        "strict": false,
        "thoughtful": true,
        "troublesome": false,
        "vengeful": null,
        "wise": true
    },
    "lonesome": {
        "loving": false,
        "loyal": null,
        "nervous": true,
        "patient": true,
        "playful": null,
        "responsible": null,
        "righteous": null,
        "shameless": true,
        "sneaky": true,
        "strange": true,
        "strict": null,
        "thoughtful": true,
        "troublesome": null,
        "vengeful": null,
        "wise": null
    },
    "loving": {
        "loyal": true,
        "nervous": true,
        "patient": true,
        "playful": true,
        "responsible": true,
        "righteous": null,
        "shameless": null,
        "sneaky": true,
        "strange": true,
        "strict": null,
        "thoughtful": true,
        "troublesome": null,
        "vengeful": null,
        "wise": true
    },
    "loyal": {
        "nervous": true,
        "patient": true,
        "playful": true,
        "responsible": true,
        "righteous": null,
        "shameless": true,
        "sneaky": null,
        "strange": null,
        "strict": null,
        "thoughtful": true,
        "troublesome": false,
        "vengeful": null,
        "wise": true
    },
    "nervous": {
        "patient": true,
        "playful": null,
        "responsible": null,
        "righteous": null,
        "shameless": true,
        "sneaky": false,
        "strange": true,
        "strict": false,
        "thoughtful": true,
        "troublesome": false,
        "vengeful": false,
        "wise": true
    },
    "patient": {
        "playful": true,
        "responsible": true,
        "righteous": null,
        "shameless": true,
        "sneaky": null,
        "strange": true,
        "strict": true,
        "thoughtful": true,
        "troublesome": null,
        "vengeful": null,
        "wise": true
    },
    "playful": {
        "responsible": false,
        "righteous": null,
        "shameless": true,
        "sneaky": null,
        "strange": true,
        "strict": false,
        "thoughtful": null,
        "troublesome": null,
        "vengeful": null,
        "wise": null
    },
    "responsible": {
        "righteous": null,
        "shameless": false,
        "sneaky": null,
        "strange": null,
        "strict": true,
        "thoughtful": true,
        "troublesome": false,
        "vengeful": null,
        "wise": true
    },
    "righteous": {
        "shameless": null,
        "sneaky": null,
        "strange": null,
        "strict": true,
        "thoughtful": null,
        "troublesome": false,
        "vengeful": null,
        "wise": true
    },
    "shameless": {
        "sneaky": true,
        "strange": true,
        "strict": false,
        "thoughtful": true,
        "troublesome": true,
        "vengeful": null,
        "wise": null
    },
    "sneaky": {
        "strange": true,
        "strict": false,
        "thoughtful": null,
        "troublesome": true,
        "vengeful": null,
        "wise": null
    },
    "strange": {
        "strict": null,
        "thoughtful": true,
        "troublesome": null,
        "vengeful": null,
        "wise": true
    },
    "strict": {
        "thoughtful": null,
        "troublesome": false,
        "vengeful": null,
        "wise": true
    },
    "thoughtful": {
        "troublesome": null,
        "vengeful": null,
        "wise": true
    },
    "troublesome": {
        "vengeful": null,
        "wise": null
    },
    "vengeful": {
        "wise": null
    }
}