[
    {
        "patrol_id": "fst_bord_rogue1",
        "biome": "forest",
        "season": "Any",
        "tags": ["border", "fighting", "scar", "battle_injury", "multiple_deaths", "trust", "reputation"],
        "intro_text": "As the patrol is marking the border lines, a gang of rogues bursts from the bushes! An ambush!",
        "decline_text": "The patrol turns tail and races away! The borders left open for the rogues to muddy.",
        "chance_of_success": 70,
        "exp": 20,
        "success_text": [
            "The patrol descends into battle without a second thought, eventually driving the rogues away.",
            null,
            "s_c immediately leaps to protect their Clanmates, their ferocity in battle quickly terrifying the rogues. Realizing that they've sorely underestimated the Clan cats, the rogues turn tail and run.",
            "s_c revels in the battle, leaping into the fray with their teeth bared and claws ready. The rogues are quickly driven away by the patrol."
        ],
        "fail_text": [
            null,
            null,
            "The rogues are terrifyingly coordinated and are quick to use the patrol's shock and confusion against them. The patrol cats are picked off one by one, only a couple managing to escape the slaughter.",
            "Taken by surprise, the patrol scatters and loses cohesion. The rogues are quick to take advantage of the confusion and eventually the patrol retreats, r_c badly wounded."
        ],
        "win_skills": ["great fighter", "excellent fighter"],
        "win_trait": ["bloodthirsty", "fierce", "vengeful"],
        "min_cats": 4,
        "max_cats": 6,
        "antagonize_text": null,
        "antagonize_fail_text": null,
        "history_text": [
            "This cat was badly scarred when rogues ambushed their patrol.",
            "This cat was killed when rogues ambushed their patrol.",
            "rogues ambushed their patrol"
        ]
    },
    {
        "patrol_id": "fst_bord_rogue2",
        "biome": "forest",
        "season": "Any",
        "tags": ["border", "fighting", "death", "reputation", "respect", "trust", "clan_to_r_c", "sacrificial"],
        "intro_text": "As r_c is marking the border lines, a gang of rogues bursts from the bushes! An ambush!",
        "decline_text": "r_c turns tail and races away! The rogues have them far outnumbered, warning the Clan is more important than dying needlessly.",
        "chance_of_success": 20,
        "exp": 20,
        "success_text": [
            "Stunned for a moment, r_c is nearly caught in the teeth of the first rogue, but they manage to dodge and weave through the onslaught of attacks, eventually escaping the fray and pelting towards camp with yowls of warning bursting from their lungs.",
            null,
            "s_c snarls at the rogues, outnumbered but not cowed. They throw themselves at the intruders with such ferocity and fury that the rogues are taken aback. Alarmed by the lack of fear and self-preservation from the Clan cat, the rogues freeze. s_c sees their opportunity to run and takes it, racing back to the camp to gather more warriors and return."
        ],
        "fail_text": [
            null,
            "s_c snarls at the rogues, outnumbered but not cowed. They throw themselves at the intruders with such ferocity and fury that the rogues are taken aback. For a moment the rogues are stunned by the reaction, but the shock doesn't last long before they descend upon the warrior once more. Eventually, s_c has no choice but to escape before they're killed.",
            "The rogues greatly outnumber r_c and have no trouble killing the lone cat. Their body is discovered the next day, covered in wounds and cold."
        ],
        "win_skills": ["great fighter", "excellent fighter"],
        "fail_trait": ["bloodthirsty", "fierce", "vengeful"],
        "min_cats": 1,
        "max_cats": 1,
        "antagonize_text": null,
        "antagonize_fail_text": null,
        "history_text": [
            null,
            "This cat was killed when rogues ambushed them while on a solo patrol.",
            "rogues ambushed their patrol"
        ]
    },
    {
        "patrol_id": "fst_bord_rogue3",
        "biome": "forest",
        "season": "Any",
        "tags": ["border", "fighting", "scar", "battle_injury", "reputation", "respect", "trust", "clan_to_r_c", "sacrificial", "rel_patrol", "multi_deaths"],
        "intro_text": "As the patrol is marking the border lines, a gang of rogues strides out of the brush, challenging the Clan cats.",
        "decline_text": "The patrol turns tail and races away! The borders left open for the rogues to muddy.",
        "chance_of_success": 70,
        "exp": 20,
        "success_text": [
            "The rogues posture and jeer, eventually provoking a battle. The Clan cats are strong, however, and the rogues seem to be weakened by hunger. The patrol easily drives the intruders away.",
            "The rogues posture and jeer, eventually provoking a battle. The Clan cats are strong, however, and after a short fight, the rogues are forced to retreat.",
            "s_c takes the lead, confronting the gang with confidence. Eventually the rogues admit that they've been struggling to find enough prey and were looking to steal richer territory from the Clan. Tensions are eased when s_c informs the rogues of a prey-rich plains outside of c_n territory.",
            "s_c takes the lead, confronting the gang with confidence. Eventually the rogues admit that they've been struggling to find enough prey and were looking to steal richer territory from the Clan. Tensions are eased when s_c informs the rogues of a prey-rich plains outside of c_n territory."
        ],
        "fail_text": [
            null,
            null,
            "The rogues are terrifyingly coordinated and are quick to use the patrol's momentary surprise to their advantage. The patrol cats are picked off one by one, only a couple managing to escape the slaughter.",
            "The rogues posture and jeer, eventually provoking a battle. They prove to be strong fighters and eventually the patrol is forced to retreat, r_c badly injured."
        ],
        "win_skills": ["good speaker", "great speaker", "excellent speaker"],
        "win_trait": ["bold", "confident"],
        "min_cats": 4,
        "max_cats": 6,
        "antagonize_text": "The patrol descends into battle without a second thought, eventually driving the rogues away.",
        "antagonize_fail_text": "The patrol descends into battle without a second thought, but the rogues are stronger than expected and eventually the patrol is forced to retreat.",
        "history_text": [
            "r_c was badly scarred when rogues attacked their patrol.",
            "This cat was killed when rogues attacked their patrol.",
            "killed when rogues attacked their patrol"
        ]
    },
    {
        "patrol_id": "fst_bord_sett1",
        "biome": "forest",
        "season": "Any",
        "tags": ["death", "scar", "battle_injury", "fighting", "border"],
        "intro_text": "r_c has heard rumors that there is a badger denning in a certain part of c_n territory.",
        "decline_text": "They note the area as a place to avoid and go on a nice solo hunt instead.",
        "chance_of_success": 10,
        "exp": 40,
        "success_text": [
            "Concerned for the Clan, r_c creeps through the woods, searching for the sett. It's empty when they arrive, its owner out foraging late. The sunlight blinds the beast as it fumbles its way back, and r_c attacks - but all it gives them is the opportunity for a lucky hit and an easy retreat, and r_c must give up the idea of saving the Clan single-pawed.",
            null,
            "Worried about their Clanmates, s_c sets out to try to solve the problem on their own. Once they find the sett, they set to yowling, challenging the beast to come out and fight until it emerges, grumbling and blinking in the sunlight. While s_c manages to get several good swipes in, the badger holds its ground, and they return to camp deflated.",
            "s_c sets out to separate truth from rumor. There are fresh tracks in the mud under the canopy, but they're smaller than s_c expected. To confirm their theory, they stake out the sett itself, and when the beast pokes its head out at night they're able to confirm it's a juvenile - young and inexperienced. s_c pads quietly back to camp with the intel."
        ],
        "fail_text": [
            null,
            "Well, the only way to know is to check! Once they find the sett, s_c scrambles inside for a look and comes nose to nose with its occupant. It's only by the grace of StarClan that they're able to redirect that speed to twist around just as fast, shedding fur in clumps as the badger's furious snarling and fizzing follows them up the burrow tunnel.",
            "r_c carefully approaches the burrow, trying to figure out if there's anything new inside. It's so dark, and it all smells the same... They try to creep just a little closer - but the ground drops away steeply beneath their paws and they lose their footing, skidding right into the disturbed badger's lethal jaws.",
            "While r_c is carefully sniffing at the burrow entrance, there's a rustle from the woods behind them. It's difficult to say who's more surprised - r_c or the badger. It charges for the sett and r_c leaps out of the way, but its claws catch their pelt, and it's a bloodied cat that limps back into camp to report the whole sorry adventure."
        ],
        "win_skills": ["great fighter", "excellent fighter"],
        "win_trait": ["patient", "responsible", "thoughtful", "wise", "calm", "careful", "nervous", "sneaky", "strange"],
        "fail_trait": ["adventurous", "ambitious", "bloodthirsty", "bold", "confident", "daring", "fierce", "insecure", "playful", "shameless", "troublesome", "vengeful"],
        "min_cats": 1,
        "max_cats": 1,
        "antagonize_text": null,
        "antagonize_fail_text": null,
        "history_text": [
            "r_c was scarred by a badger.",
            "r_c lost their life to a badger.",
            "were killed by a badger"
        ]
    },
    {
        "patrol_id": "fst_bord_sett2",
        "biome": "forest",
        "season": "Any",
        "tags": ["scar", "battle_injury", "border", "trust", "respect", "big_change", "patrol_to_p_l", "patrol_to_r_c"],
        "intro_text": "The patrol discusses the rumors they've been hearing that there's a badger denning in a certain part of c_n territory.",
        "decline_text": "Everyone agrees it's concerning, and the patrol is much more alert than usual while collecting moss for bedding.",
        "chance_of_success": 30,
        "exp": 40,
        "success_text": [
            "Once they find the sett, the cats discuss their next move. If a badger has moved in, they need to confirm it, but how? Eventually p_l comes up with a plan - stuffing bushes into the mouth of the sett. The cats will be able to come back tomorrow to see if anything has shoved them out of the way.",
            "The patrol organizes, and once the sett is found the cats lift a long skinny branch from the forest floor, shoving the end into the sett. With half the branch's length to go there's an outraged explosion of fizzing from the depths of the burrow, and the patrol retreats to report back to camp. With any luck, it's been injured, but no one wants to check.",
            "s_c decides there has to be an easy way to figure out if a badger has moved in, one that doesn't involve sticking head in front of a predator. They lead the patrol on a search of the clearing around the sett until they come upon some fresh badger scat - stinky, horrible, and perfect proof of the new occupant of the sett.",
            "Carefully considering their options, s_c decides to set up a stakeout with the patrol. When the badger pokes its head above the ground at dusk, they're prepared, and in unison everyone turns for home. The cats fade into the underbrush before the predator has even blinked the sleep out of its eyes."
        ],
        "fail_text": [
            "The cats try to find enough bits of undergrowth in the nearby forest to block the opening to the sett, but the area is pretty bare. Before they know it they're tired, thirsty, and returning home with nothing to show for it.",
            "Well, the only way to know is to check! Once they find the sett, s_c scrambles inside for a look and comes nose to nose with its occupant. It's only by the grace of StarClan that they're able to redirect that speed to twist around just as fast, shedding fur in clumps as the badger's furious snarling and fizzing follows them up the burrow tunnel.",
            null,
            "As the patrol is sniffing around the burrow entrance there's a rustle from the woods. It's difficult to say who's more surprised - cats or badger. There's a confused rush of paws and flying fur as the patrol scatters and the beast charges for the sett. r_c is battered in the process but everyone gets home safe in the end. . . including the badger."
        ],
        "win_skills": ["good fighter", "great fighter", "excellent fighter"],
        "win_trait": ["patient", "responsible", "thoughtful", "wise", "calm", "careful", "nervous", "sneaky", "strange"],
        "fail_trait": ["adventurous", "ambitious", "bloodthirsty", "bold", "confident", "daring", "fierce", "insecure", "playful", "shameless", "troublesome", "vengeful"],
        "min_cats": 3,
        "max_cats": 4,
        "antagonize_text": null,
        "antagonize_fail_text": null,
        "history_text": [
            "This cat was scarred by a badger."
        ]
    },
    {
        "patrol_id": "fst_bord_sett3",
        "biome": "forest",
        "season": "Any",
        "tags": ["scar", "battle_injury", "border", "trust", "respect", "patrol_to_p_l", "patrol_to_r_c"],
        "intro_text": "The patrol discusses the rumors they've been hearing that there's a badger denning in a certain part of c_n territory.",
        "decline_text": "Everyone agrees it's concerning, and the patrol is much more alert than usual while collecting moss for bedding.",
        "chance_of_success": 50,
        "exp": 40,
        "success_text": [
            "Once they find the sett, the cats discuss their next move. If a badger has moved in, they need to confirm it, but how? Eventually p_l comes up with a plan - stuffing bushes into the mouth of the sett. The cats will be able to come back tomorrow to see if anything has shoved them out of the way.",
            "The patrol organizes, and once the sett is found the cats lift a long skinny branch from the forest floor, shoving the end into the sett. With half the branch's length to go there's an outraged explosion of fizzing from the depths of the burrow, and the patrol retreats to report back to camp. With any luck, it's been injured, but no one wants to check.",
            "s_c decides there has to be an easy way to figure out if a badger has moved in, one that doesn't involve sticking head in front of a predator. They lead the patrol on a search of the clearing around the sett until they come upon some fresh badger scat - stinky, horrible, and perfect proof of the new occupant of the sett.",
            "Carefully considering their options, s_c decides to set up a stakeout with the patrol. When the badger pokes its head above the ground at dusk, they're prepared, and in unison everyone turns for home. The cats fade into the underbrush before the predator has even blinked the sleep out of its eyes."
        ],
        "fail_text": [
            "The cats try to find enough bits of undergrowth in the nearby forest to block the opening to the sett, but the area is pretty bare. Before they know it they're tired, thirsty, and returning home with nothing to show for it.",
            "Well, the only way to know is to check! Once they find the sett, s_c scrambles inside for a look and comes nose to nose with its occupant. It's only by the grace of StarClan that they're able to redirect that speed to twist around just as fast, shedding fur in clumps as the badger's furious snarling and fizzing follows them up the burrow tunnel.",
            null,
            "As the patrol is sniffing around the burrow entrance there's a rustle from the woods. It's difficult to say who's more surprised - cats or badger. There's a confused rush of paws and flying fur as the patrol scatters and the beast charges for the sett. r_c is battered in the process but everyone gets home safe in the end. . . including the badger."
        ],
        "win_skills": ["good fighter", "great fighter", "excellent fighter"],
        "win_trait": ["patient", "responsible", "thoughtful", "wise", "calm", "careful", "nervous", "sneaky", "strange"],
        "fail_trait": ["adventurous", "ambitious", "bloodthirsty", "bold", "confident", "daring", "fierce", "insecure", "playful", "shameless", "troublesome", "vengeful"],
        "min_cats": 5,
        "max_cats": 6,
        "antagonize_text": null,
        "antagonize_fail_text": null,
        "history_text": [
            "This cat was scarred by a badger."
        ]
    },
    {
        "patrol_id": "fst_bord_trackrogue1",
        "biome": "forest",
        "season": "Any",
        "tags": ["fighting", "battle_injury", "scar", "border", "death"],
        "intro_text": "While on patrol, r_c notices some suspicious pawprints in the mud beneath the canopy.",
        "decline_text": "They decide not to investigate.",
        "chance_of_success": 30,
        "exp": 10,
        "success_text": [
                "The pawprints lead to a trespassing rogue. r_c quickly hides themselves behind a bush and sets up an ambush that sends the rogue fleeing off c_n territory.",
                "r_c soon realizes that the pawprints smell of c_n. Someone must have wandered through this section of the border recently, but it's not a threat.",
                "The pawprints lead to a trespassing rogue. s_c throws themselves at the rogue, hissing furiously, and drives them off c_n territory.",
                "Boldy, s_c follows the pawprints to a trespassing rogue, and confronts them. Fur puffed up and scowling, they demand the rogue leaves c_n territory. Intimidated by their confidence, the rogue gives in and leaves without a fight."
        ],
        "fail_text": [
                "It turns out they were r_c's own pawprints... r_c huffs with embarrassment, suddenly grateful they're alone.",
                "The pawprints lead to a trespassing rogue. s_c tries to set up a trap, climbing into the trees and trying to break a branch onto the rogue's head, but they aren't as smart as they think they are. The trap fails, and the rogue wanders on.",
                "Nose to the ground following the trail, r_c doesn't see the blow that kills them.",
                "Nose to the ground following the trail, r_c doesn't see the blow coming. They haul themselves to their feet, spitting with outrage, but the rogue that did it has already turned and run."
        ],
        "win_skills": ["good fighter", "great fighter", "excellent fighter"],
        "win_trait": ["ambitious", "bloodthirsty", "cold", "fierce", "shameless", "strict", "troublesome", "vengeful", "adventurous", "bold", "charismatic", "childish", "confident", "daring", "playful", "righteous"],
        "fail_skills": ["smart"],
        "fail_trait": ["None"],
        "min_cats": 1,
        "max_cats": 1,
        "antagonize_text": null,
        "antagonize_fail_text": null,
        "history_text": [
                "r_c was scarred by an invading rogue.",
                "r_c was killed by an invading rogue.",
                "were killed by an invading rogue"
        ]
    },
    {
        "patrol_id": "fst_bord_trackrogue2",
        "biome": "forest",
        "season": "Any",
        "tags": ["fighting", "battle_injury", "scar", "border", "death"],
        "intro_text": "While on patrol, r_c notices some suspicious pawprints in the mud beneath the canopy.",
        "decline_text": "They decide not to investigate.",
        "chance_of_success": 30,
        "exp": 10,
        "success_text": [
                "The pawprints lead to a trespassing rogue. r_c quickly hides themselves behind a bush and sets up an ambush that sends the rogue fleeing off c_n territory.",
                "r_c soon realizes that the pawprints smell of c_n. Someone must have wandered through this section of the border recently, but it's not a threat.",
                "The pawprints lead to a trespassing rogue. s_c sets up a trap, climbing into the trees and breaking a branch onto the rogue's head that sends the startled intruder yowling as they flee c_n territory.",
                "Boldy, s_c follows the pawprints to a trespassing rogue, and confronts them. Fur puffed up and scowling, they demand the rogue leaves c_n territory. Intimidated by their confidence, the rogue gives in and leaves without a fight."
        ],
        "fail_text": [
                "It turns out they were r_c's own pawprints... r_c huffs with embarrassment, suddenly grateful they're alone.",
                "The pawprints lead to a trespassing rogue. s_c throws themselves at the rogue, hissing furiously, but this is one battle hardened trespasser, and s_c isn't as good of a fighter as they'd like to think. The rogue manages to escape their grasp and run off further into c_n territory.",
                "Nose to the ground following the trail, r_c doesn't see the blow that kills them.",
                "Nose to the ground following the trail, r_c doesn't see the blow coming. They haul themselves to their feet, spitting with outrage, but the rogue that did it has already turned and run."
        ],
        "win_skills": ["smart", "very smart", "extremely smart"],
        "win_trait": ["ambitious", "bloodthirsty", "cold", "fierce", "shameless", "strict", "troublesome", "vengeful", "adventurous", "bold", "charismatic", "childish", "confident", "daring", "playful", "righteous"],
        "fail_skills": ["good fighter"],
        "fail_trait": ["None"],
        "min_cats": 1,
        "max_cats": 1,
        "antagonize_text": null,
        "antagonize_fail_text": null,
        "history_text": [
                "r_c was scarred by an invading rogue.",
                "r_c was killed by an invading rogue.",
                "were killed by an invading rogue"
        ]
    },
    {
        "patrol_id": "fst_bord_trackrogue3",
        "biome": "forest",
        "season": "Any",
        "tags": ["fighting", "battle_injury", "scar", "border", "apprentice", "death"],
        "intro_text": "While on patrol, app1 notices some suspicious pawprints in the mud beneath the canopy.",
        "decline_text": "They decide not to investigate.",
        "chance_of_success": 30,
        "exp": 10,
        "success_text": [
                "The pawprints lead to a trespassing rogue. app1 quickly hides themselves behind a bush, and sets up an ambush that lets them pretend to be a far bigger and more impressive fighter, sending the rogue fleeing off c_n territory.",
                "app1 soon realizes that the pawprints smell of c_n. Someone must have wandered through this section of the border recently, but it's not a threat. In fact. . . they're pretty sure this is their mentor's scent. And their mentor has been hinting there'll be a test soon.",
                null,
                null
        ],
        "fail_text": [
                "It turns out they were app1's own pawprints... app1 huffs with embarrassment, suddenly grateful they're alone. They don't want to look dumb in front of other cats.",
                 "Boldy, s_c follows the pawprints to a trespassing rogue, and confronts them. Fur puffed up and scowling, they demand the rogue leaves c_n territory. The rogue is not impressed by this teenager, and ignores them completely.",
                "Nose to the ground following the trail, app1 doesn't see the blow that kills them.",
                "Nose to the ground following the trail, app1 doesn't see the blow coming. They haul themselves to their feet, squealing with pain, and run for home."
        ],
        "win_skills": ["None"],
        "win_trait": ["None"],
        "fail_skills": ["None"],
        "fail_trait": ["ambitious", "bloodthirsty", "cold", "fierce", "shameless", "strict", "troublesome", "vengeful", "adventurous", "bold", "charismatic", "childish", "confident", "daring", "playful", "righteous"],
        "min_cats": 1,
        "max_cats": 1,
        "antagonize_text": null,
        "antagonize_fail_text": null,
        "history_text": [
                "r_c was scarred by an invading rogue.",
                "r_c was killed by an invading rogue.",
                "were killed by an invading rogue"
        ]
    },
    {
        "patrol_id": "fst_bord_trackrogue4",
        "biome": "forest",
        "season": "Any",
        "tags": ["fighting", "battle_injury", "scar", "border", "platonic", "comfort"],
        "intro_text": "While on patrol, r_c notices some suspicious pawprints in the mud beneath the canopy.",
        "decline_text": "They decide not to investigate.",
        "chance_of_success": 50,
        "exp": 10,
        "success_text": [
                "The pawprints lead to a trespassing rogue. The patrol quickly hides themselves behind a bush and sets up an ambush that sends the rogue fleeing off c_n territory.",
                "r_c soon realizes that the pawprints smell of c_n. Someone must have wandered through this section of the border recently, but it's not a threat.",
                "The pawprints lead to a trespassing rogue. s_c throws themselves at the rogue, hissing furiously, and together with r_c drives them off c_n territory.",
                "Boldy, s_c follows the pawprints to a trespassing rogue, and confronts them. Fur puffed up and scowling, s_c and r_c demand the rogue leaves c_n territory. Intimidated by their confidence, the rogue gives in and leaves without a fight."
        ],
        "fail_text": [
                "It turns out they were r_c's own pawprints... r_c huffs with embarrassment, suddenly grateful that their patrol is so small. Less eyes watching that embarrassing moment.",
                "The pawprints lead to a trespassing rogue. s_c tries to set up a trap, climbing into the trees and trying to break a branch onto the rogue's head, but they aren't as smart as they think they are. The trap fails, and the rogue wanders on.",
                null,
                "Nose to the ground following the trail, r_c doesn't see the blow coming. They haul themselves to their feet, spitting with outrage, but the rogue that did it has already turned and run from the patrol."
        ],
        "win_skills": ["good fighter", "great fighter", "excellent fighter"],
        "win_trait": ["ambitious", "bloodthirsty", "cold", "fierce", "shameless", "strict", "troublesome", "vengeful", "adventurous", "bold", "charismatic", "childish", "confident", "daring", "playful", "righteous"],
        "fail_skills": ["smart"],
        "fail_trait": ["None"],
        "min_cats": 2,
        "max_cats": 2,
        "antagonize_text": null,
        "antagonize_fail_text": null,
        "history_text": [
                "r_c was scarred by an invading rogue.",
                null
        ]
    },
    {
        "patrol_id": "fst_bord_trackrogue5",
        "biome": "forest",
        "season": "Any",
        "tags": ["fighting", "battle_injury", "scar", "border", "platonic", "comfort"],
        "intro_text": "While on patrol, r_c notices some suspicious pawprints in the mud beneath the canopy.",
        "decline_text": "They decide not to investigate.",
        "chance_of_success": 50,
        "exp": 10,
        "success_text": [
                "The pawprints lead to a trespassing rogue. The patrol quickly hides themselves behind a bush and sets up an ambush that sends the rogue fleeing off c_n territory.",
                "r_c soon realizes that the pawprints smell of c_n. Someone must have wandered through this section of the border recently, but it's not a threat.",
                "The pawprints lead to a trespassing rogue. s_c sets up a trap, climbing into the trees with r_c and breaking a branch onto the rogue's head that sends the startled intruder yowling as they flee c_n territory.",
                "Boldy, s_c follows the pawprints to a trespassing rogue, and confronts them. Fur puffed up and scowling, s_c and r_c demand the rogue leaves c_n territory. Intimidated by their confidence, the rogue gives in and leaves without a fight."
    
        ],
        "fail_text": [
                "It turns out they were r_c's own pawprints... r_c huffs with embarrassment, suddenly grateful that their patrol is so small. Less eyes watching that embarrassing moment.",
                "The pawprints lead to a trespassing rogue. s_c throws themselves at the rogue, hissing furiously, but this is one battle hardened trespasser, and s_c isn't as good of a fighter as they'd like to think. The rogue manages to escape their grasp and run off further into c_n territory.",
                null,
                "Nose to the ground following the trail, r_c doesn't see the blow coming. They haul themselves to their feet, spitting with outrage, but the rogue that did it has already turned and run."
        ],
        "win_skills": ["smart", "very smart", "extremely smart"],
        "win_trait": ["ambitious", "bloodthirsty", "cold", "fierce", "shameless", "strict", "troublesome", "vengeful", "adventurous", "bold", "charismatic", "childish", "confident", "daring", "playful", "righteous"],
        "fail_skills": ["good fighter"],
        "fail_trait": ["None"],
        "min_cats": 2,
        "max_cats": 2,
        "antagonize_text": null,
        "antagonize_fail_text": null,
        "history_text": [
                "r_c was scarred by an invading rogue.",
                null
        ]
    },
    {
        "patrol_id": "fst_bord_trackrogue6",
        "biome": "forest",
        "season": "Any",
        "tags": ["fighting", "battle_injury", "scar", "border", "platonic", "comfort", "apprentice"],
        "intro_text": "While on patrol, app1 notices some suspicious pawprints in the mud beneath the canopy.",
        "decline_text": "They decide not to investigate.",
        "chance_of_success": 50,
        "exp": 10,
        "success_text": [
                "The pawprints lead to a trespassing rogue. The patrol quickly hides themselves behind a bush and sets up an ambush, sending the rogue fleeing off c_n territory.",
                "app1 soon realizes that the pawprints smell of c_n. Someone must have wandered through this section of the border recently, but it's not a threat. In fact. . . they're pretty sure this is their mentor's scent. And their mentor has been hinting there'll be a test soon.",
                null,
                null
        ],
        "fail_text": [
                "It turns out they were app1's own pawprints... app1 huffs with embarrassment, suddenly grateful that their patrol is so small. Less eyes watching that embarrassing moment. They don't want to look dumb in front of other cats.",
                 "Boldy, s_c follows the pawprints to a trespassing rogue, and confronts them. Fur puffed up and scowling, they demand the rogue leaves c_n territory. The rogue is not impressed by the teenager, but reluctantly leaves c_n territory.",
                null,
                "Nose to the ground following the trail, app1 doesn't see the blow coming. They haul themselves to their feet, squealing with pain, and run for home."
        ],
        "win_skills": ["None"],
        "win_trait": ["None"],
        "fail_skills": ["None"],
        "fail_trait": ["ambitious", "bloodthirsty", "cold", "fierce", "shameless", "strict", "troublesome", "vengeful", "adventurous", "bold", "charismatic", "childish", "confident", "daring", "playful", "righteous"],
        "min_cats": 2,
        "max_cats": 2,
        "antagonize_text": null,
        "antagonize_fail_text": null,
        "history_text": [
                "r_c was scarred by an invading rogue.",
                null
        ]
    },
    {
        "patrol_id": "fst_bord_trackrogue7",
        "biome": "forest",
        "season": "Any",
        "tags": ["fighting", "respect", "border"],
        "intro_text": "While on patrol, r_c notices some suspicious pawprints in the mud beneath the canopy.",
        "decline_text": "They decide not to investigate.",
        "chance_of_success": 70,
        "exp": 10,
        "success_text": [
                "The pawprints lead to a trespassing rogue. The patrol quickly hides themselves behind a bush and sets up an ambush that sends the rogue fleeing off c_n territory.",
                "r_c soon realizes that the pawprints smell of c_n. Someone must have wandered through this section of the border recently, but it's not a threat.",
                "The pawprints lead to a trespassing rogue. s_c throws themselves at the rogue, hissing furiously, and together with r_c drives them off c_n territory.",
                "Boldy, s_c follows the pawprints to a trespassing rogue, and confronts them. Fur puffed up and scowling, the patrol demands the rogue leave c_n territory. Intimidated by their confidence and the number of cats, the rogue gives in and leaves without a fight."
        ],
        "fail_text": [
                "It turns out they were r_c's own pawprints... r_c huffs with embarrassment, and can't meet the eyes of the rest of the patrol.",
                "The pawprints lead to a trespassing rogue. s_c tries to set up a trap, climbing into the trees and trying to break a branch onto the rogue's head, but they aren't as smart as they think they are. The trap fails, and the rogue wanders on.",
                null,
                null
        ],
        "win_skills": ["good fighter", "great fighter", "excellent fighter"],
        "win_trait": ["ambitious", "bloodthirsty", "cold", "fierce", "shameless", "strict", "troublesome", "vengeful", "adventurous", "bold", "charismatic", "childish", "confident", "daring", "playful", "righteous"],
        "fail_skills": ["smart"],
        "fail_trait": ["None"],
        "min_cats": 3,
        "max_cats": 6,
        "antagonize_text": null,
        "antagonize_fail_text": null
    },
    {
        "patrol_id": "fst_bord_trackrogue8",
        "biome": "forest",
        "season": "Any",
        "tags": ["fighting", "respect", "border"],
        "intro_text": "While on patrol, r_c notices some suspicious pawprints in the mud beneath the canopy.",
        "decline_text": "They decide not to investigate.",
        "chance_of_success": 70,
        "exp": 10,
        "success_text": [
                "The pawprints lead to a trespassing rogue. The patrol quickly hides themselves behind a bush and sets up an ambush that sends the rogue fleeing off c_n territory.",
                "r_c soon realizes that the pawprints smell of c_n. Someone must have wandered through this section of the border recently, but it's not a threat.",
                "The pawprints lead to a trespassing rogue. s_c sets up a trap, climbing into the trees with r_c and breaking a branch onto the rogue's head that sends the startled intruder yowling as they flee c_n territory.",
                "Boldy, s_c follows the pawprints to a trespassing rogue, and confronts them. Fur puffed up and scowling, the patrol demands the rogue leave c_n territory. Intimidated by their confidence and the number of cats, the rogue gives in and leaves without a fight."
        ],
        "fail_text": [
                "It turns out they were r_c's own pawprints... r_c huffs with embarrassment, and can't meet the eyes of the rest of the patrol.",
                "The pawprints lead to a trespassing rogue. s_c throws themselves at the rogue, hissing furiously, but this is one battle hardened trespasser, and s_c isn't as good of a fighter as they'd like to think. The rogue manages to escape their grasp and run off further into c_n territory.",
                null,
                null
        ],
        "win_skills": ["smart", "very smart", "extremely smart"],
        "win_trait": ["ambitious", "bloodthirsty", "cold", "fierce", "shameless", "strict", "troublesome", "vengeful", "adventurous", "bold", "charismatic", "childish", "confident", "daring", "playful", "righteous"],
        "fail_skills": ["good fighter"],
        "fail_trait": ["None"],
        "min_cats": 3,
        "max_cats": 6,
        "antagonize_text": null,
        "antagonize_fail_text": null,
        "history_text": [
                "r_c was scarred by an invading rogue.",
                null
        ]
    },
    {
        "patrol_id": "fst_bord_trackrogue9",
        "biome": "forest",
        "season": "Any",
        "tags": ["fighting", "border", "respect", "apprentice"],
        "intro_text": "While on patrol, app1 notices some suspicious pawprints in the mud beneath the canopy.",
        "decline_text": "They decide not to investigate.",
        "chance_of_success": 70,
        "exp": 10,
        "success_text": [
                "The pawprints lead to a trespassing rogue. The patrol quickly hides themselves behind a bush and sets up an ambush, sending the rogue fleeing off c_n territory.",
                "app1 soon realizes that the pawprints smell of c_n. Someone must have wandered through this section of the border recently, but it's not a threat. In fact. . . they're pretty sure this is their mentor's scent. And their mentor has been hinting there'll be a test soon.",
                null,
                null
        ],
        "fail_text": [
                "It turns out they were app1's own pawprints... app1 huffs with embarrassment, and can't meet the eyes of the rest of the patrol. They don't want to look dumb in front of other cats.",
                 "Boldy, s_c follows the pawprints to a trespassing rogue, and confronts them. Fur puffed up and scowling, they demand the rogue leaves c_n territory. The rogue is not impressed by the teenager, but with the full patrol backing them up, leaves c_n territory.",
                null,
                null
        ],
        "win_skills": ["None"],
        "win_trait": ["None"],
        "fail_skills": ["None"],
        "fail_trait": ["ambitious", "bloodthirsty", "cold", "fierce", "shameless", "strict", "troublesome", "vengeful", "adventurous", "bold", "charismatic", "childish", "confident", "daring", "playful", "righteous"],
        "min_cats": 2,
        "max_cats": 2,
        "antagonize_text": null,
        "antagonize_fail_text": null
    },
    {
        "patrol_id": "fst_bord_story1",
        "biome": "forest",
        "season": "Any",
        "tags": ["border", "platonic", "comfort", "respect", "rel_patrol", "big_change", "patrol_to_r_c"],
        "intro_text": "On their way to mark the far corners of their forest territory, p_l starts telling a story of their ancestors to keep every cat entertained.",
        "decline_text": "The story is forgotten as the patrol comes across a strange scent trail.",
        "chance_of_success": 60,
        "exp": 20,
        "success_text": [
                "It keeps the cats' minds off their long shady walk. The patrol goes quickly and easily.",
                null,
                "s_c spins a story, vivid and engaging, telling the tale of a massive war their ancestors fought over the border the patrol is headed to mark. Not only does it keep every cat entertained, it really emphasizes the important of the patrol and motivates everyone.",
                "It's a fantastic idea, making the patrol fly by as cats chat and laugh with their Clanmates, and everyone ends the day feeling much closer to each other."
        ],
        "fail_text": [
                "As the patrol weaves through the trees and undergrowth, it becomes obvious that the bushes block the sound of their meows, and p_l gives up on their story.",
                "s_c takes p_l aside, and reminds them coldly to focus on their duties.",
                null,
                null
        ],
        "win_skills": ["good speaker", "great speaker", "excellent speaker"],
        "win_trait": ["charismatic", "childish", "playful", "empathetic", "loving", "patient"],
        "fail_skills": ["None"],
        "fail_trait": ["cold", "strict", "righteous", "responsible", "thoughtful", "wise"],
        "min_cats": 3,
        "max_cats": 6,
        "antagonize_text": null,
        "antagonize_fail_text": null
    },
    {
        "patrol_id": "fst_bord_shortswim1",
        "biome": "forest",
        "season": "greenleaf",
        "tags": ["border"],
        "intro_text": "r_c looks at the small stream they have to cross to continue on to mark the border, and debates if they should stop for a quick swim to cool off.",
        "decline_text": "r_c decides to continue with the patrol instead.",
        "chance_of_success": 50,
        "exp": 5,
        "success_text": [
                "They stop to swim for a few moments and feel rejuvenated, cooled and ready to continue.",
                null,
                null,
                "They keep going, responsibly, although instead of leaping the little stream r_c wades through it, letting the water cool their paws pleasantly."
        ],
        "fail_text": [
                "They get distracted while splashing in the water. r_c swears they saw a fish, but it derails their border patrol completely and they get nothing done.",
                null, 
                null, 
                null],
        "win_skills": ["None"],
        "win_trait": ["responsible", "thoughtful", "loyal", "righteous", "cold", "strict"],
        "fail_skills": ["None"],
        "fail_trait": ["None"],
        "min_cats": 1,
        "max_cats": 1,
        "antagonize_text": null,
        "antagonize_fail_text": null
    }
    
    ]
