[
    {
        "camp": "any",
        "tags": ["war", "other_clan", "war", "rel_down", "Newleaf", "Greenleaf", "Leaf-fall", "Leaf-bare"],
        "death_text": "o_c warriors broke into the camp and killed m_c after damaging the herb stores.",
        "history_text": ["m_c was killed when o_c warriors broke into camp.", null],
        "cat_trait": null,
        "cat_skill": null,
        "other_cat_trait": null,
        "other_cat_skill": null
    },
    {
        "camp": "any",
        "tags": ["other_cat", "other_clan", "rel_down", "Newleaf", "Greenleaf", "Leaf-fall", "Leaf-bare", "rc_to_mc", "respect", "trust"],
        "death_text": "m_c was killed by a o_c warrior while pulling an injured Clanmate away from battle.",
        "history_text": ["m_c was killed by a o_c warrior while trying to aid an injured Clanmate.", null],
        "cat_trait": ["compassionate", "calm", "bold", "ambitious", "daring", "fierce", "empathetic", "loving", "loyal", "responsible", "thoughtful"],
        "cat_skill": null,
        "other_cat_trait": null,
        "other_cat_skill": null
    },
    {
        "camp": "any",
        "tags": ["classic", "Leaf-bare"],
        "death_text": "m_c caught greencough while caring for their patients and couldn't manage to fight it off.",
        "history_text": ["m_c died from greencough.", null],
        "cat_trait": ["compassionate", "calm", "bold", "ambitious", "fierce", "empathetic", "loving", "loyal", "responsible", "thoughtful"],
        "cat_skill": null,
        "other_cat_trait": null,
        "other_cat_skill": null
    }
]