{
    "kittypet": [
        "Cuddles with their Twoleg",
        "Begs for food from their Twoleg",
        "Is sunning in their yard",
        "Doesn't want to go to the vet",
        "Is resting on a fence",
        "Almost forgot the way home",
        "Was taken to the vet recently",
        "Is looking at the forest, daydreaming about hunting a mouse",
        "Is hunting for a gift for their Twoleg",
        "Failed to catch prey with their poor crouch",
        "Is running away from a Clan cat",
        "Is hiding from a dog",
        "Is being friendly with their Twoleg's dog",
        "Is peering at a fish tank",
        "Is looking for trouble",
        "Is meowing to their Twoleg for attention",
        "Is tangled up in a large ball of yarn",
        "Is stretching on their scratching post",
        "Wishes their Twoleg cared more about them",
        "Saw warriors pass their Twoleg den",
        "Is hanging with their housefolk",
        "Is playing with the Twoleg kits",
        "Enjoying a nice meal",
        "Trying to escape from bath time",
        "Heard stories about the nearby Clans",
        "Is sleeping under the porch",
        "Is sleeping in a loaf position on the bed",
        "Is watching the Clan cats from afar",
        "Is meowing to be let in",
        "Is listening to frightening stories about wild cats"
    ],
    "loner": {
        "general": [
            "Is spending the night with a friend",
            "Wonders where r_c went",
            "Wonders about what Clan life would be like",
            "Is considering finding some housefolk to live with",
            "Loves their life of freedom",
            "Thinks that Clancats are stupid",
            "Debates joining a Clan",
            "Heard a rumor of rogues in the area",
            "Feels alone",
            "Is recovering from an illness",
            "Is exploring ",
            "Caught a particularly large bird",
            "Caught a particularly large squirrel",
            "Caught a particularly large rabbit",
            "Is humming a tune",
            "Got chased off by a border patrol recently",
            "Heard some strange stories about starry ancestors living in the sky",
            "Shivers in the cold",
            "Wonders if Clan life is the only way to live with others",
            "Was chased away from the shelter they had been staying in",
            "Hopes their mild cough won't get worse",
            "Wishes newleaf would come already",
            "Frowns deeply at the first frost",
            "Got invited to spend the night with a group of friendly loners"
        ],
        "adolescent": [
            "Is currently trying to figure out how to catch a bird",
            "Is currently trying to figure out how to catch a squirrel",
            "Is currently trying to figure out how to catch a rabbit",
            "Is missing their parents",
            "Regrets missing an easy catch",
            "Learned how slippery the edge of a river can be the hard way",
            "Plays in the fallen leaves",
            "Has been desperately trying to ignore their possibly bleak future",
            "Licking their bruises after a failed attempt at catching a mouse",
            "Is asking themself if becoming a kittypet would be an easier life",
            "Is trying not to feel overwhelmingly lonely",
            "Learning about the clans",
            "Thinks Clan cats are strange"
        ],
        "adult": [
            "Is scouting out locations for a new den",
            "Nearly got caught in a Twoleg trap!",
            "Got pet by a Twoleg ",
            "Stayed in a Twoleg den for a couple of days for food",
            "Was almost eaten by a monster",
            "Is playing with kits"
        ],
        "elder": [
            "Wonders if they should have joined a Clan when they were younger",
            "Debates finding housefolk to care for them in their old age",
            "Is enjoying the sun on their back",
            "Purring as the sun's warmth eases their old joints",
            "Is glad they chose this life of freedom",
            "Thinks about old friends",
            "Hopes it isn't too late to join a Clan",
            "Wonders where they'll go when they die",
            "Telling stories about their younger days"
        ]
    },
    "rogue": {
        "general": [
            "Wishes the other rogues would leave them alone",
            "Snarls at any cat that comes near",
            "Wanders off on their own",
            "Has been going missing quite a lot lately",
            "Sniffs for their next meal",
            "Wonders if they can find a warm place to sleep tonight",
            "Was chased by a fox recently",
            "Wishes they were in a warm nest"
        ],
        "adolescent": [
            "Is setting up a pile of thorns to catch a cat off guard",
            "Wishes they still had their family around",
            "Has been teaching themselves how to hunt",
            "Misses their friends",
            "Regrets their actions",
            "Wonders what being in a Clan is like"
        ],
        "adult": [
            "Hisses at a missed catch",
            "Is hoping they can find something to fill their belly tonight",
            "Licks at an old, aching scar in an attempt to soothe it",
            "Was almost found by a c_n patrol",
            "Is lurking in c_n territory"
        ],
        "elder": [
            "Thinks about finding some Twolegs to help them in their old age",
            "Thinks their joints are aching too much to hunt today",
            "Wonders if they can carry on"
        ]
    },
    "lost": {
        "general": [
            "Wonders how their family is doing",
            "Desperately tries to find their way back",
            "Wonders if StarClan is still watching over them",
            "Wishes they were back in camp",
            "Wonders if they will even find their way home",
            "Heard a rumor about a large group of cats in the area",
            "Is considering becoming a kittypet",
            "Wonders if the Clan has declared them dead yet",
            "Feels abandoned by StarClan",
            "Hopes their littermates are doing ok",
            "Wonders if the Clan is searching for them",
            "Is starting to get used to living alone",
            "Misses their nest",
            "Feels homesick",
            "Thought they spotted r_c while wandering around earlier",
            "Thinks they might've been visited by a StarClan cat",
            "Misses their family",
            "Prays to StarClan that their loved ones are safe",
            "Thinks they caught scent of a c_n patrol",
            "Sends a prayer to the stars for the safety of their kits",
            "Replays events in their mind, wondering what they could have done differently",
            "Questions if they will even find their way to StarClan when they pass",
            "Is disturbed by sleeping alone",
            "Daydreams about returning home",
            "Is shaken by a nightmare there was no one to wake them up from",
            "Dreamed about finding their way home only to wake up alone again",
            "Wonders if they can maintain this life",
            "Feels more lonely than ever",
            "Wonders if they will ever find their way back to c_n",
            "Thought they saw one of their Clanmates, but realized it was just a loner",
            "Is asking a group of loners if they know where their Clan is",
            "Regrets everything",
            "Wonders who is mentoring the c_n kits that must be apprentices by now",
            "Is calling the names of their Clanmates, hoping someone hears them",
            "Is about to give up...",
            "Refuses to give up!",
            "Thanks a loner who gave them shelter",
            "Hesitantly made a deal with a rogue",
            "Wishes they weren't as used to this as they are",
            "Got even more lost than they were before",
            "Worries their Clan thinks they're a runaway traitor",
            "Finds comfort in their solitude",
            "Is wandering through the forest",
            "Is trying to get back to c_n as soon as possible",
            "Wonders how they will survive without their clanmates",
            "Is missing r_c",
            "Is scared that they will never be found"
        ],
        "kitten": [
            "Misses playing moss ball",
            "Is looking desperately for their mother"
        ],
        "apprentice": [
            "Is missing their mentor's guidance",
            "Misses the elders stories",
            "Wishes they could've become a warrior",
            "Misses their friends deeply",
            "Refuses to let themself relax for even a moment",
            "Hopes they're going in the right direction",
            "Wonders what their full name might have been",
            "Tries to come up with a warrior name for themself"
        ],
        "warrior": [
            "Hopes that the Clan's kits are doing well",
            "Misses the warmth of the warriors' den",
            "Hopes their friends from c_n are doing okay",
            "Dreams about hunting for their Clan",
            "Wonders if the apprentices of the Clan are now warriors"
        ],
        "deputy": [
            "Wonders if they are still the deputy",
            "Wonders how the patrols are currently organized without them",
            "Feels sad by the thought of being replaced",
            "Is wondering if they'll still remain deputy after returning"
        ],
        "leader": [
            "Feels lost without the support of their Clan behind them",
            "Wonders if their deputy has already become leader",
            "Hopes that the Clan is doing okay without them",
            "Feels like they have failed their Clan",
            "Is wondering if starclan is still able to contact them"
        ],
        "elder": [
            "Wishes they had some help getting around",
            "Wants an apprentice nearby to help with ticks",
            "Is saddened by the fact that they can't tell stories to anyone",
            "Misses the kits stumbling around and bothering them",
            "Is feeling weary and tired, wondering if there even is a point to carry on.",
            "Prays that they will see their friends again, in this world or StarClan...",
            "Their aches and pain make them unable to hunt",
            "Feels the cold seep and settle into their old bones",
            "Is unable to remember what herbs to look out for to ease their pain",
            "Wishes they could check in on the Clan's kits"
            ],
        "med": [
            "Hopes that their Clan is doing okay without their help"
        ]
    }
}
