[
{
    "patrol_id": "gen_train_berrybush1",
    "biome": "Any",
    "season": "greenleaf",
    "tags": ["herb", "raspberry", "training", "injury", "poisoned", "comfort", "trust", "no_herbs0", "no_herbs2"],
    "intro_text": "While out training, r_c stumbles upon a bush of red berries.",
    "decline_text": "r_c decides not to touch the berries.",
    "chance_of_success": 80,
    "exp": 20,
    "success_text": [
        "Unsure but remembering the kittentales of red deathberries, r_c avoids them, and gives the rest of the patrol a head's up about the potentially dangerous bush.",
        "After careful consideration and consulting with the other cats, r_c recognizes them as raspberries and brings the rare berries back to the medicine cat's den.",
        "Astutely, s_c recognises the cranberries, and carefully chews off a branch laden with them to bring back to camp - the herb stocks can use this odd fruit."
    ],
    "fail_text": [
        "Confidently gathering them and prancing back to camp with the patrol, r_c is then informed that raspberries aren't a useful medicinal herb.",
        null,
        null,
        "While plucking them from the bush, r_c feels one of the berries split in their mouth, and a horrible taste coats their tongue. They're rushed back to camp, where the medicine cat might have a chance at saving them from deathberry poisoning."
    ],
    "win_skills": ["very smart", "extremely smart"],
    "min_cats": 3,
    "max_cats": 6,
    "antagonize_text": null,
    "antagonize_fail_text": null
},
{
    "patrol_id": "gen_train_berrybush2",
    "biome": "Any",
    "season": "greenleaf",
    "tags": ["herb", "raspberry","training", "apprentice", "injury", "poisoned", "death", "no_herbs0"],
    "intro_text": "While helping gathering herbs, r_c stumbles upon a bush of red berries.",
    "decline_text": "r_c decides not to touch the berries.",
    "chance_of_success": 80,
    "exp": 20,
    "success_text": [
        "Unsure but remembering the kittentales of red deathberries, app1 avoids them and alerts the patrol, who, extremely worried, confirm that this a deathberry bush.",
        "Whatever. Identifying them is a medicine cat problem. app1 plucks the berries and brings them back to camp, where it turns out they're called raspberries."
    ],
    "fail_text": [
        "Confidently gathering them and prancing back to camp, app1 is then informed that raspberries aren't a useful medicinal herb.",
        null,
        "Whatever. Identifying them is a medicine cat problem. app1 plucks the berries, several splitting in their mouth, and tries not to gag at the horrible taste - after all, all medicine cat herbs taste horrible. Right? They collapse on the way back to camp, and there's nothing any cat can do for them.",
        "Whatever. Identifying them is a medicine cat problem. app1 plucks the horrible tasting berries and brings them back to camp, where the medicine cat immediately starts work trying to save them from deathberry poisoning."
    ],
    "min_cats": 3,
    "max_cats": 6,
    "antagonize_text": null,
    "antagonize_fail_text": null
},
{
    "patrol_id": "gen_train_berrybush3",
    "biome": "Any",
    "season": "leaf-fall",
    "tags": ["herb", "raspberry", "training", "injury", "poisoned", "no_herbs0", "no_herbs2"],
    "intro_text": "While helping gathering herbs, r_c stumbles upon a bush of red berries.",
    "decline_text": "r_c decides not to touch the berries.",
    "chance_of_success": 80,
    "exp": 20,
    "success_text": [
        "Unsure but remembering the kittentales of red deathberries, r_c avoids them, and gives the rest of the patrol a head's up about the potentially dangerous bush.",
        "After careful consideration, r_c recognizes them as raspberries and brings the rare berries  back to the medicine cat's den.",
        "Astutely, s_c recognises the cranberries, and carefully chews off a branch laden with them to bring back to camp - the herb stocks can use this odd fruit."
    ],
    "fail_text": [
        "Confidently gathering them and prancing back to camp with the patrol, r_c is then informed that raspberries aren't a useful medicinal herb.",
        null,
        null,
        "While plucking them from the bush, r_c feels one of the berries split in their mouth, and a horrible taste coats their tongue. They're rushed back to camp, where the medicine cat might have a chance at saving them from deathberry poisoning."
    ],
    "win_skills": ["very smart", "extremely smart"],
    "min_cats": 3,
    "max_cats": 6,
    "antagonize_text": null,
    "antagonize_fail_text": null
},
{
    "patrol_id": "gen_train_berrybush4",
    "biome": "Any",
    "season": "leaf-fall",
    "tags": ["herb", "raspberry", "training", "apprentice", "injury", "poisoned", "death", "no_herbs0"],
    "intro_text": "While helping gathering herbs, r_c stumbles upon a bush of red berries.",
    "decline_text": "r_c decides not to touch the berries.",
    "chance_of_success": 80,
    "exp": 20,
    "success_text": [
        "Unsure but remembering the kittentales of red deathberries, app1 avoids them and alerts the patrol, who, extremely worried, confirm that this a deathberry bush.",
        "Whatever. Identifying them is a medicine cat problem.  app1 plucks the berries and brings them back to camp, where it turns out they're called raspberries."
    ],
    "fail_text": [
        "Confidently gathering them and prancing back to camp, app1 is then informed that raspberries aren't a useful medicinal herb.",
        null,
        "Whatever. Identifying them is a medicine cat problem. app1 plucks the berries, several splitting in their mouth, and tries not to gag at the horrible taste - after all, all medicine cat herbs taste horrible. Right? They collapse on the way back to camp, and there's nothing any cat can do for them.",
        "Whatever. Identifying them is a medicine cat problem. app1 plucks the horrible tasting berries and brings them back to camp, where the medicine cat immediately starts work trying to save them from deathberry poisoning."
    ],
    "min_cats": 3,
    "max_cats": 6,
    "antagonize_text": null,
    "antagonize_fail_text": null
},
{
    "patrol_id": "gen_train_sunny1",
    "biome": "Any",
    "season": "Any",
    "tags": ["platonic", "training"],
    "intro_text": "The patrol finds a nice spot to sun themselves.",
    "decline_text": "They decide to stay focused instead.",
    "chance_of_success": 90,
    "exp": 20,
    "success_text": [
        "The sunlight feels great and the cats have a successful training session, swapping tips and advice as they stretch out and bask.",
        "The sunlight energizes the cats for a training session, and soon everyone puts that energy to good use!",
        null,
        "s_c makes sure everyone gets a good basking spot as the cats pause for a little break before resuming their training."
    ],
    "fail_text": [
            "The patrol doesn't get much done, lazing about and snapping at each other irritably."
    ],
    "win_trait": ["altruistic", "compassionate", "empathetic", "faithful", "loving",
                    "patient", "responsible", "thoughtful", "wise"],
    "min_cats": 3,
    "max_cats": 6,
    "antagonize_text": null,
    "antagonize_fail_text": null
},
{
    "patrol_id": "gen_train_sunny2",
    "biome": "Any",
    "season": "Any",
    "tags": ["training"],
    "intro_text": "r_c finds a nice spot to sun themselves.",
    "decline_text": "They decide to stay focused instead.",
    "chance_of_success": 80,
    "exp": 20,
    "success_text": [
        "The sunlight energizes r_c for a solo training session."
    ],
    "fail_text": [
            "The patrol doesn't get much done because of that."
    ],
    "min_cats": 1,
    "max_cats": 1,
    "antagonize_text": null,
    "antagonize_fail_text": null
},
{
    "patrol_id": "gen_train_sunny3",
    "biome": "Any",
    "season": "Any",
    "tags": ["platonic", "romantic", "big_change", "no_app", "training"],
    "intro_text": "p_l and r_c find a nice spot to sun themselves.",
    "decline_text": "They decide to stay focused instead.",
    "chance_of_success": 90,
    "exp": 20,
    "success_text": [
        "The sunlight feels so warm on p_l's pelt, and they stretch, lazily lengthening into one long arc of cat. r_c's whiskers twitch with interest as they studiously look elsewhere.",
        "The sunlight energizes the cats for a training session, and soon everyone puts that energy to good use!",
        null,
        "s_c makes sure r_c gets a good basking spot as the cats pause for a little break before resuming their training."
    ],
    "fail_text": [
            "The patrol doesn't get much done, lazing about and snapping at each other irritably."
    ],
    "win_trait": ["altruistic", "compassionate", "empathetic", "faithful", "loving",
                    "patient", "responsible", "thoughtful", "wise"],
    "min_cats": 2,
    "max_cats": 2,
    "antagonize_text": null,
    "antagonize_fail_text": null
},
{
    "patrol_id": "gen_train_sunny4",
    "biome": "Any",
    "season": "Any",
    "tags": ["big_change", "platonic", "romantic", "apprentice", "two_apprentices", "training"],
    "intro_text": "app1 and app2 find a nice spot to sun themselves.",
    "decline_text": "They decide to stay focused instead.",
    "chance_of_success": 90,
    "exp": 20,
    "success_text": [
        "app1 nearly dozes off, but they can't quite get to sleep, app2 seems shifting around. Are they uncomfortable? app1 opens one of their eyes, to see app2 staring at them.",
        "app1 and app2 end up napping for far longer than they intended, curled up together with their tails brushing up against each other.",
        null,
        "s_c courteously offers app2 the better basking spot, making them blush."
    ],
    "fail_text": [
            "The patrol doesn't get much done, lazing about and snapping at each other irritably."
    ],
    "win_trait": ["altruistic", "compassionate", "empathetic", "faithful", "loving",
                    "patient", "responsible", "thoughtful", "wise"],
    "min_cats": 2,
    "max_cats": 2,
    "antagonize_text": null,
    "antagonize_fail_text": null
},
{
    "patrol_id": "gen_train_argue1",
    "biome": "Any",
    "season": "Any",
    "tags": ["training", "dislike", "comfort", "respect", "trust", "patrol_to_p_l"],
    "intro_text": "Your patrol has a disagreement and look to p_l to settle the dispute.",
    "decline_text": "Your patrol decides to head home.",
    "chance_of_success": 70,
    "exp": 20,
    "success_text": [
        "p_l manages to skillfully smooth over any disagreement.",
        "p_l listens to both sides, then makes a careful judgment. It keeps no one happy, the mark of an excellent compromise.",
        "Talking everyone down, p_l encourages the patrol to focus on their work collecting nesting material.",
        "p_l nods sympathetically, hearing out every side to the argument, and with their help the patrol feels comfortable, even with their differences."
    ],
    "fail_text": [
        "p_l stutters; they don't think they are fit to lead the patrol.",
        "p_l rudely reminds the patrol cats to focus on their star-damned jobs and stop quarreling like kittens."
    ],
    "win_skills": ["great speaker", "excellent speaker"],
    "win_trait": ["altruistic", "compassionate", "empathetic", "faithful", "loving",
                    "patient", "responsible", "thoughtful", "wise", "inquisitive"],
    "fail_trait": ["ambitious", "bloodthirsty", "cold", "fierce", "shameless", "strict",
                    "troublesome", "vengeful", "bossy"],
    "min_cats": 3,
    "max_cats": 6,
    "antagonize_text": null,
    "antagonize_fail_text": null
},
{
    "patrol_id": "gen_train_argue2",
    "biome": "Any",
    "season": "Any",
    "tags": ["training", "dislike", "comfort", "respect", "trust", "patrol_to_p_l"],
    "intro_text": "Your patrol has a disagreement and look to p_l to settle the dispute.",
    "decline_text": "Your patrol decides to head home.",
    "chance_of_success": 70,
    "exp": 20,
    "success_text": [
        "p_l manages to skillfully smooth over any disagreement.",
        "p_l listens to both sides, then makes a careful judgment. It keeps no one happy, the mark of an excellent compromise.",
        "Talking everyone down, p_l encourages the patrol to focus on their work.",
        "p_l has no time for this spat, and pulls the patrol to a halt to remind them that they have a Star-damned job to do, and quarreling like kittens will not be tolerated. The patrol returns to their work collecting nesting material with newfound vigor."
    ],
    "fail_text": [
        "p_l stutters; they don't think they are fit to lead the patrol",
        "p_l spends so much time listening sympathetically to every cat that the patrol gets nothing done, and as they return back home the quarrel continues."
    ],
    "win_skills": ["great speaker", "excellent speaker"],
    "win_trait": ["ambitious", "bloodthirsty", "cold", "fierce", "shameless", "strict",
                    "troublesome", "vengeful"],
    "fail_trait": ["altruistic", "compassionate", "empathetic", "faithful", "loving",
                    "patient", "responsible", "thoughtful", "wise", "inquisitive"],
    "min_cats": 3,
    "max_cats": 6,
    "antagonize_text": null,
    "antagonize_fail_text": null
},
{
    "patrol_id": "gen_train_vision1",
    "biome": "Any",
    "season": "Any",
    "tags": ["training", "warrior", "respect", "trust", "jealousy", "big_change", "s_c_to_r_c", "patrol_to_r_c"],
    "intro_text": "As the patrol gathers together to train under p_l's leadership, r_c admits they think they had a vision from StarClan last night.",
    "decline_text": "The patrol doesn't talk about the vision.",
    "chance_of_success": 70,
    "exp": 20,
    "success_text": [
        "The patrol talks to them about whether it was a real vision as they train.",
        "p_l takes r_c aside, giving them the full benefits of p_l's seniority and experience as they discuss r_c's vision.",
        "s_c chooses to train with r_c, the spiritual warrior gently guiding the conversation. r_c feels deeply privileged and far more at peace after confiding in them."
    ],
    "fail_text": [
        "No one can make sense of the vision.",
        "r_c notices p_l looking at them enviously, withdraws from the rest of the patrol, and dismisses the dream as unimportant."
    ],
    "win_skills": ["strong connection to starclan"],
    "min_cats": 2,
    "max_cats": 6,
    "antagonize_text": null,
    "antagonize_fail_text": null
},
{
    "patrol_id": "gen_train_vision2",
    "biome": "Any",
    "season": "Any",
    "tags": ["training"],
    "intro_text": "As they head out to work on their skills, r_c thinks about the dream they had last night... was it sent by StarClan?",
    "decline_text": "They push it from their mind.",
    "chance_of_success": 70,
    "exp": 20,
    "success_text": [
        "It definitely distracts them from their training, but r_c uses the time by themselves to put their thoughts in order. It was a sign from their ancestors. Now they need to figure out what to do next.",
        "Somehow training brings r_c to almost a meditative state, and not only are they fairly confident of their next steps having been given this vision, but they also take the opportunity to improve on a skill they think they're weak at.",
        "s_c often feels like StarClan walks with them, and this is just another instance on the path. They use the solo patrol to collect their thoughts, and by the time they pad home with a hard day's training done, they're ready for the next step their vision hinted at."
    ],
    "fail_text": [
            "r_c can't make sense of the vision."
    ],
    "win_skills": ["strong connection to starclan"],
    "min_cats": 1,
    "max_cats": 1,
    "antagonize_text": null,
    "antagonize_fail_text": null
},
{
    "patrol_id": "gen_train_vision3",
    "biome": "Any",
    "season": "Any",
    "tags": ["training", "two_apprentices", "dislike", "platonic", "jealousy", "big_change"],
    "intro_text": "As app1 and app2 collect moss for the elder's den, app2 admits that the strange dreams they've been having is why they kicked app1 in the night.",
    "decline_text": "The apprentices don't talk about the dreams.",
    "chance_of_success": 70,
    "exp": 20,
    "success_text": [
        "It's alright, app1 assures app2. It wasn't on purpose - maybe they could head to the medicine den after this, there're heaps of herbs to help app2 sleep, and this totally explains why they've been yawning so much during training.",
        "That's kinda odd. app1 hastens to add that that doens't mean it's bad, but maybe they should tell their mentors about this. Maybe it's something to do with StarClan?"
    ],
    "fail_text": [
        "That's super weird, app1 tells them. Does app2's mentor know that they're so weird?"
    ],
    "min_cats": 2,
    "max_cats": 2,
    "antagonize_text": null,
    "antagonize_fail_text": null
},
{
    "patrol_id": "gen_train_ghost1",
    "biome": "Any",
    "season": "Any",
    "tags": ["training", "no_app", "platonic"],
    "intro_text": "The patrol quickly devolves into ghost stories, leaving everyone on edge.",
    "decline_text": "p_l quickly silences any talk about ghosts.",
    "chance_of_success": 80,
    "exp": 20,
    "success_text": [
        "Despite the tense mood, the patrol is successful, and as the afternoon wears on the cats relax with each other.",
        "r_c spins a thrilling tale, and the patrol shivers with exciting, thrilled fear.",
        "s_c sees the patrol competing to scare each other, and derails it completely. Instead they spin a tale of truth, bringing the story of one of c_n's warrior ancestors to life. With how clear their words are, it's almost like they know the StarClan cat, even though that's impossible."
    ],
    "fail_text": [
            "A branch snaps and the whole patrol runs back to camp. Later an argument starts about what caused the noise."
    ],
    "win_skills": ["strong connection to StarClan"],
    "min_cats": 3,
    "max_cats": 6,
    "antagonize_text": null,
    "antagonize_fail_text": null
},
{
    "patrol_id": "gen_train_ghost2",
    "biome": "Any",
    "season": "Any",
    "tags": ["training", "platonic", "dislike", "apprentice", "two_apprentices"],
    "intro_text": "The patrol quickly devolves into ghost stories, leaving everyone on edge.",
    "decline_text": "p_l quickly silences any talk about ghosts.",
    "chance_of_success": 80,
    "exp": 20,
    "success_text": [
        "app2 and app1 wind each other up, making up story after story in ever increasing tales of horror, until finally one sounds a little too ridiculous and both of them nearly fall over laughing, the tension erased as they giggle.",
        "app1 wonders aloud if one of the ghost stories is true... the other cats gather close and comfort them. Time for the silly game to end, before someone actually gets upset.",
        null,
        "s_c looks around, and with a deep breath, shakes off the tense vibe. Instead they start telling tall tales of long ago cats, completely disregarding anything approaching truth, so that the other cats on patrol start laughing and purring again."
    ],
    "fail_text": [
        "app1 tries to look brave in front of the other cats, but hears a rustle behind them and startles so badly they fall over.",
        "s_c makes fun of app1 for being so scared."
    ],
    "win_trait": ["charismatic", "childish", "confident", "playful", "shameless", "strange"],
    "fail_trait": ["ambitious", "bloodthirsty", "childish", "cold", "confident", "fierce", "insecure","troublesome"],
    "min_cats": 3,
    "max_cats": 6,
    "antagonize_text": null,
    "antagonize_fail_text": null
},
{
    "patrol_id": "gen_train_sneakprey1",
    "biome": "Any",
    "season": "Any",
    "tags": ["training", "apprentice", "disrespect", "distrust", "clan_to_r_c"],
    "intro_text": "app1 is tempted to eat the prey they just caught. After all, they're only practicing hunting, right? So this is theirs, it doesn't count as a true hunting patrol?",
    "decline_text": "app1 decides against breaking the warrior code, resisting the temptation.",
    "chance_of_success": 60,
    "exp": 20,
    "success_text": [
        "They eat the prey without anyone noticing, and return to camp, thrilled with their little transgression.",
        null,
        null,
        "Whatever, it's not a big deal, and app1's hungry. They polish off the little snack, and keep working on their pounce."
    ],
    "fail_text": [
        "app1 eats the prey, but later they feel terrible about it, slinking around guilty and ashamed for the rest of the day.",
        "app1 freezes in indecision, and eventually a warrior spots them sitting under cover with their prey and accuses app1 of eating it anyway."
    ],
    "win_trait": ["adventurous", "bold", "charismatic", "childish", "confident", "daring", "playful", "righteous"],
    "fail_trait": ["calm", "careful", "insecure", "lonesome", "loyal", "nervous", "sneaky", "strange"],
    "min_cats": 1,
    "max_cats": 1,
    "antagonize_text": null,
    "antagonize_fail_text": null
},
{
    "patrol_id": "gen_train_sneakprey2",
    "biome": "Any",
    "season": "Any",
    "tags": ["training", "apprentice", "disrespect", "distrust", "clan_to_r_c"],
    "intro_text": "app1 is tempted to eat the prey they just caught. After all, they're only practicing hunting, right? So this is theirs, it doesn't count as a true hunting patrol?",
    "decline_text": "app1 decides against breaking the warrior code, resisting the temptation.",
    "chance_of_success": 60,
    "exp": 20,
    "success_text": [
        "They eat the prey without anyone noticing, and return to camp, thrilled with their little transgression.",
        null,
        null,
        "app1 freezes in indecision. But the moment of peace allows them to collect their thoughts, and decide that the warrior code matters more to them than a silly afternoon snack."
    ],
    "fail_text": [
        "app1 eats the prey, but later they feel terrible about it, slinking around guilty and ashamed for the rest of the day.",
        "Whatever, it's not a big deal, and app1's hungry. But as they eat, a passing warrior spots them, and begins an outraged lecture on the values of the warrior code."
    ],
    "win_trait": ["calm", "careful", "insecure", "lonesome", "loyal", "nervous", "sneaky", "strange"],
    "fail_trait": ["adventurous", "bold", "charismatic", "childish", "confident", "daring", "playful", "righteous"],
    "min_cats": 1,
    "max_cats": 1,
    "antagonize_text": null,
    "antagonize_fail_text": null
},
{
    "patrol_id": "gen_train_sneakprey3",
    "biome": "Any",
    "season": "Any",
    "tags": ["training", "apprentice", "disrespect", "distrust", "clan_to_r_c"],
    "intro_text": "app1 is tempted to eat the prey they just caught. After all, they're only practicing hunting, right? So this is theirs, it doesn't count as a true hunting patrol?",
    "decline_text": "app1 decides against breaking the warrior code, resisting the temptation.",
    "chance_of_success": 60,
    "exp": 20,
    "success_text": [
        "They eat the prey without anyone noticing, and return to camp, thrilled with their little transgression.",
        null,
        null,
        "It definitely doesn't count as a proper hunting patrol. But just to be safe, app1 chooses to eat their afternoon snack under cover."
    ],
    "fail_text": [
        "app1 eats the prey, but later they feel terrible about it, slinking around guilty and ashamed for the rest of the day.",
        "app1 ignores their rumbling belly, and dutifully brings the prey back to camp, only for their mentor to tell them to pick out a bite to eat before their stomach wakes every cat in camp. This would've all been much quicker if they'd eaten it when they first caught it."
    ],
    "win_trait": ["ambitious", "bloodthirsty", "cold", "fierce", "shameless", "strict", "troublesome", "vengeful", "bossy", "bullying", "impulsive"],
    "fail_trait": ["altruistic", "compassionate", "empathetic", "faithful", "loving", "patient", "responsible", "thoughtful", "wise"],
    "min_cats": 1,
    "max_cats": 1,
    "antagonize_text": null,
    "antagonize_fail_text": null
},
{
    "patrol_id": "gen_train_sneakprey4",
    "biome": "Any",
    "season": "Any",
    "tags": ["training", "apprentice", "disrespect", "distrust", "clan_to_r_c"],
    "intro_text": "app1 is tempted to eat the prey they just caught. After all, they're only practicing hunting, right? So this is theirs, it doesn't count as a true hunting patrol?",
    "decline_text": "app1 decides against breaking the warrior code, resisting the temptation.",
    "chance_of_success": 60,
    "exp": 20,
    "success_text": [
        "They eat the prey without anyone noticing, and return to camp, thrilled with their little transgression.",
        null,
        null,
        "app1 ignores their rumbling belly, and dutifully brings the prey back to camp. Their mentor congratulates them on the catch, and they get to share it with all their friends, feeling a warm glow in their heart at feeding their Clan."
    ],
    "fail_text": [
        "app1 eats the prey, but later they feel terrible about it, slinking around guilty and ashamed for the rest of the day.",
        "It definitely doesn't count as a proper hunting patrol. But irritatingly the warrior that comes past and spots app1 eating doesn't seem to agree, and a surly r_c is brought back to camp for a lecture."
    ],
    "win_trait": ["altruistic", "compassionate", "empathetic", "faithful", "loving", "patient", "responsible", "thoughtful", "wise"],
    "fail_trait": ["ambitious", "bloodthirsty", "cold", "fierce", "shameless", "strict", "troublesome", "vengeful", "bossy", "bullying", "impulsive"],
    "min_cats": 1,
    "max_cats": 1,
    "antagonize_text": null,
    "antagonize_fail_text": null
},
{
    "patrol_id": "gen_train_teamwork1",
    "biome": "Any",
    "season": "Any",
    "tags": ["training", "big_change", "platonic", "trust", "no_change_fail"],
    "intro_text": "p_l suggests this might be a good chance for the cats to practice teamwork.",
    "decline_text": "They decide to focus on working on a different skill instead.",
    "chance_of_success": 80,
    "exp": 20,
    "success_text": [
        "Everyone has a nice practice session and their coordination and trust in their Clanmates grows stronger.",
        null,
        "s_c takes charge and coordinates exercises for the training patrol. Soon cats are using each other as springboards, practicing breaking a Clanmates' fall, and working on treading exactly in each other's pawsteps."
    ],
    "fail_text": [
            "Unfortunately, no one steps up to teach. It's a little awkward, but the patrol disbands to attend to other duties."
    ],
    "win_skills": ["good teacher", "great teacher", "fantastic teacher"],
    "min_cats": 3,
    "max_cats": 6,
    "antagonize_text": null,
    "antagonize_fail_text": null
},
{
    "patrol_id": "gen_train_teamwork2",
    "biome": "Any",
    "season": "Any",
    "tags": ["training", "big_change", "platonic", "trust", "no_app", "big_change", "no_change_fail"],
    "intro_text": "p_l suggests this might be a good chance to practice teamwork with r_c.",
    "decline_text": "They decide to focus on working on a different skill instead.",
    "chance_of_success": 80,
    "exp": 20,
    "success_text": [
        "Both cats have a nice practice session, and their trust and coordination with each other grows stronger.",
        null,
        "s_c takes charge and coordinates exercises for the duo. They practice mirroring each other, until by the end of the afternoon they can almost act as one cat."
    ],
    "fail_text": [
        "Unfortunately, no one steps up to teach. It's a little awkward, but they wander back to camp to attend to other duties."
    ],
    "win_skills": ["good teacher", "great teacher", "fantastic teacher"],
    "min_cats": 2,
    "max_cats": 2,
    "antagonize_text": null,
    "antagonize_fail_text": null
},
{
    "patrol_id": "gen_train_teamwork3",
    "biome": "Any",
    "season": "Any",
    "tags": ["training", "big_change", "platonic", "trust", "apprentice", "one_apprentice", "no_change_fail"],
    "intro_text": "p_l suggests this might be a good chance for the cats to practice teamwork, particularly with app1.",
    "decline_text": "They decide to focus on working on a different skill instead.",
    "chance_of_success": 80,
    "exp": 20,
    "success_text": [
        "Everyone has a nice practice session and their coordination with their Clanmates grows stronger. app1 really gets into it, and is praised for their focus and enthusiasm.",
        null,
        "s_c takes charge and coordinates exercises for the training patrol. Soon cats are using each other as springboards, practicing breaking a Clanmates' fall, and working on treading exactly in each other's pawsteps."
    ],
    "fail_text": [
            "Unfortunately, no one steps up to teach. It's a little awkward, but the patrol disbands to attend to other duties."
    ],
    "win_skills": ["great teacher", "fantastic teacher"],
    "min_cats": 3,
    "max_cats": 6,
    "antagonize_text": null,
    "antagonize_fail_text": null
},
{
    "patrol_id": "gen_train_teamwork4",
    "biome": "Any",
    "season": "Any",
    "tags": ["training", "big_change", "platonic", "trust", "warrior", "apprentice"],
    "intro_text": "p_l suggests this might be a good chance to practice teamwork with app1.",
    "decline_text": "They decide to focus on working on a different skill instead.",
    "chance_of_success": 80,
    "exp": 20,
    "success_text": [
        "Both cats have a nice practice session and their coordination with each other grows stronger. p_l really helps app1 gain confidence working with other cats.",
        null,
        "s_c takes charge and coordinates exercises for the duo. They practice mirroring each other, until by the end of the afternoon they can almost act as one cat. The warrior praises how quickly app1 picks it up, and the apprentice comes back to camp fluffed up with pride."
    ],
    "fail_text": [
            "Unfortunately, no one steps up to teach. app1 looks disappointed - what was p_l expecting, for them to lead the training?"
    ],
    "win_skills": ["great teacher", "fantastic teacher"],
    "min_cats": 2,
    "max_cats": 2,
    "antagonize_text": null,
    "antagonize_fail_text": null
},
{
    "patrol_id": "gen_train_teamwork5",
    "biome": "Any",
    "season": "Any",
    "tags": ["training", "big_change", "platonic", "romantic", "apprentice", "two_apprentices", "warrior", "rel_two_apps", "no_change_fail"],
    "intro_text": "As p_l sets the cats up to practise together, app1 and app2 sit in the back, hiding their lashing tails as they plan their prank.",
    "decline_text": "They decide to focus on working on a different skill instead.",
    "chance_of_success": 80,
    "exp": 20,
    "success_text": [
        "In a brilliant example of teamwork and coordination, app1 manages to push p_l at just the right moment to trip them over app2, sending the warrior careening down the bank into debris. Both apprentices fall over laughing.",
        "This isn't what teamwork is supposed to be used for, p_l admonishes them, but neither apprentice can take them seriously while their upside down.",
        "s_c notices the apprentices, err, enthusiasm, and gently redirects them. They end up having a marvelous afternoon, feeling mature and just as skilled as the warriors around them."
    ],
    "fail_text": [
            "Unfortunately, p_l sees their whispers and seperates the two apprentices, preventing their plot."
    ],
    "win_skills": ["great teacher", "fantastic teacher"],
    "min_cats": 4,
    "max_cats": 6,
    "antagonize_text": null,
    "antagonize_fail_text": null
},
{
    "patrol_id": "gen_train_huntingskill1",
    "biome": "Any",
    "season": "Any",
    "tags": ["training", "no_app", "platonic", "trust"],
    "intro_text": "p_l suggests this might be a good chance for the cats to practice new hunting techniques.",
    "decline_text": "They decide to focus on working on a different skill instead.",
    "chance_of_success": 80,
    "exp": 20,
    "success_text": [
        "Everyone has a nice practice session, picking up a nice selection of new tricks to try out on their next hunting patrol.",
        null,
        "s_c takes charge and coordinates exercises for the training patrol. Soon cats are practicing their stalking on each other, sharing tips about different terrain types, and discussing prey selection."
    ],
    "fail_text": [
            "Unfortunately, no one steps up to teach. It makes everything feel awkward and a waste of time, and the cats give up and return to camp a little irritated."
    ],
    "win_skills": ["good teacher", "great teacher", "fantastic teacher", "good hunter", "great hunter", "fantastic hunter"],
    "min_cats": 3,
    "max_cats": 6,
    "antagonize_text": null,
    "antagonize_fail_text": null
},
{
    "patrol_id": "gen_train_huntingskill2",
    "biome": "Any",
    "season": "Any",
    "tags": ["training", "platonic", "trust"],
    "intro_text": "p_l suggests this might be a good chance to practice new hunting techniques with r_c.",
    "decline_text": "They decide to focus on working on a different skill instead.",
    "chance_of_success": 80,
    "exp": 20,
    "success_text": [
        "Both cats have a nice practice session, swapping their best tips and tricks with each other.",
        null,
        "s_c takes charge and coordinates exercises for the duo. They practice how to bring down prey together, their confidence in each other growing."
    ],
    "fail_text": [
            "Unfortunately, no one steps up to teach. It makes everything feel awkward and a waste of time, and the cats give up and return to camp a little irritated."
    ],
    "win_skills": ["good teacher", "great teacher", "fantastic teacher", "good hunter", "great hunter", "fantastic hunter"],
    "min_cats": 2,
    "max_cats": 2,
    "antagonize_text": null,
    "antagonize_fail_text": null
},
{
    "patrol_id": "gen_train_huntingskill3",
    "biome": "Any",
    "season": "Any",
    "tags": ["training", "platonic", "trust", "warrior", "one_apprentice", "apprentice"],
    "intro_text": "p_l suggests this might be a good chance for the cats to practice new hunting techniques, particularly with app1 present.",
    "decline_text": "They decide to focus on working on a different skill instead.",
    "chance_of_success": 80,
    "exp": 30,
    "success_text": [
        "Everyone has a nice practice session, picking up a nice selection of new tricks to try out on their next hunting patrol. app1 really gets into it, and is praised for their focus and enthusiasm.",
        null,
        "s_c takes charge and coordinates exercises for the training patrol. Soon cats are practicing stalking on each other, sharing tips about different terrain types, and discussing prey selection."
    ],
    "fail_text": [
        "Unfortunately, no one steps up to teach. It makes everything feel awkward and a waste of time, and the cats give up and return to camp a little irritated."
    ],
    "win_skills": ["good teacher", "great teacher", "fantastic teacher", "good hunter", "great hunter", "fantastic hunter"],
    "min_cats": 3,
    "max_cats": 6,
    "antagonize_text": null,
    "antagonize_fail_text": null
},
{
    "patrol_id": "gen_train_huntingskill4",
    "biome": "Any",
    "season": "Any",
    "tags": ["training", "platonic", "trust", "warrior", "apprentice"],
    "intro_text": "p_l suggests this might be a good chance to practice new hunting techniques with app1.",
    "decline_text": "They decide to focus on working on a different skill instead.",
    "chance_of_success": 80,
    "exp": 30,
    "success_text": [
        "Both cats have a nice practice session, with app1 soaking up all p_l's best tips and tricks.",
        null,
        "s_c takes charge and coordinates exercises for the duo. They practice taking down prey together, their confidence in their team hunting growing. The warrior praises how quickly app1 picks it up, and the apprentice comes back to camp fluffed up with pride."
    ],
    "fail_text": [
        "Unfortunately, no one steps up to teach. app1 looks disappointed - what was p_l expecting, for them to lead the training?"
    ],
    "win_skills": ["good teacher", "great teacher", "fantastic teacher", "good hunter", "great hunter", "fantastic hunter"],
    "min_cats": 2,
    "max_cats": 2,
    "antagonize_text": null,
    "antagonize_fail_text": null
},
{
    "patrol_id": "gen_train_huntingskill5",
    "biome": "Any",
    "season": "Any",
    "tags": ["training", "platonic", "trust", "warrior", "two_apprentices", "apprentice"],
    "intro_text": "p_l suggests this might be a good chance for the cats to practice new hunting techniques, particularly with apprentices present.",
    "decline_text": "They decide to focus on working on a different skill instead.",
    "chance_of_success": 80,
    "exp": 30,
    "success_text": [
        "Everyone has a nice practice session, picking up a nice selection of new tricks to try out on their next hunting patrol. app1 really gets into it, and is praised for their focus and enthusiasm.",
        null,
        "s_c takes charge and coordinates exercises for the training patrol. Soon cats are practicing stalking on each other, sharing tips about different terrain types, and discussing prey selection."
    ],
    "fail_text": [
        "Unfortunately, no one steps up to teach. It makes everything feel awkward and a waste of time, and the cats give up and return to camp a little irritated."
    ],
    "win_skills": ["good teacher", "great teacher", "fantastic teacher", "good hunter", "great hunter", "fantastic hunter"],
    "min_cats": 3,
    "max_cats": 6,
    "antagonize_text": null,
    "antagonize_fail_text": null
},
{
    "patrol_id": "gen_train_huntingskill6",
    "biome": "Any",
    "season": "Any",
    "tags": ["training", "platonic", "trust", "warrior", "three_apprentices", "apprentice"],
    "intro_text": "p_l suggests this might be a good chance for the cats to practice new hunting techniques, particularly with apprentices present.",
    "decline_text": "They decide to focus on working on a different skill instead.",
    "chance_of_success": 80,
    "exp": 30,
    "success_text": [
        "Everyone has a nice practice session, picking up a nice selection of new tricks to try out on their next hunting patrol. app1 really gets into it, and is praised for their focus and enthusiasm.",
        null,
        "s_c takes charge and coordinates exercises for the training patrol. Soon cats are practicing stalking on each other, sharing tips about different terrain types, and discussing prey selection."
    ],
    "fail_text": [
        "Unfortunately, no one steps up to teach. It makes everything feel awkward and a waste of time, and the cats give up and return to camp a little irritated."
    ],
    "win_skills": ["good teacher", "great teacher", "fantastic teacher", "good hunter", "great hunter", "fantastic hunter"],
    "min_cats": 3,
    "max_cats": 6,
    "antagonize_text": null,
    "antagonize_fail_text": null
},
{
    "patrol_id": "gen_train_huntingskill7",
    "biome": "Any",
    "season": "Any",
    "tags": ["training", "platonic", "trust", "warrior", "four_apprentices", "apprentice"],
    "intro_text": "p_l suggests this might be a good chance for the cats to practice new hunting techniques, particularly with apprentices present.",
    "decline_text": "They decide to focus on working on a different skill instead.",
    "chance_of_success": 80,
    "exp": 30,
    "success_text": [
        "Everyone has a nice practice session, picking up a nice selection of new tricks to try out on their next hunting patrol. app1 really gets into it, and is praised for their focus and enthusiasm.",
        null,
        "s_c takes charge and coordinates exercises for the training patrol. Soon cats are practicing stalking on each other, sharing tips about different terrain types, and discussing prey selection."
    ],
    "fail_text": [
        "Unfortunately, no one steps up to teach. It makes everything feel awkward and a waste of time, and the cats give up and return to camp a little irritated."
    ],
    "win_skills": ["good teacher", "great teacher", "fantastic teacher", "good hunter", "great hunter", "fantastic hunter"],
    "min_cats": 3,
    "max_cats": 6,
    "antagonize_text": null,
    "antagonize_fail_text": null
},
{
    "patrol_id": "gen_train_huntingskill8",
    "biome": "Any",
    "season": "Any",
    "tags": ["training", "platonic", "trust", "warrior", "five_apprentices", "apprentice"],
    "intro_text": "p_l suggests this might be a good chance for the cats to practice new hunting techniques, particularly with apprentices present.",
    "decline_text": "They decide to focus on working on a different skill instead.",
    "chance_of_success": 80,
    "exp": 30,
    "success_text": [
        "Everyone has a nice practice session, picking up a nice selection of new tricks to try out on their next hunting patrol. app1 really gets into it, and is praised for their focus and enthusiasm.",
        null,
        "s_c takes charge and coordinates exercises for the training patrol. Soon cats are practicing stalking on each other, sharing tips about different terrain types, and discussing prey selection."
    ],
    "fail_text": [
        "Unfortunately, no one steps up to teach. It makes everything feel awkward and a waste of time, and the cats give up and return to camp a little irritated."
    ],
    "win_skills": ["good teacher", "great teacher", "fantastic teacher", "good hunter", "great hunter", "fantastic hunter"],
    "min_cats": 3,
    "max_cats": 6,
    "antagonize_text": null,
    "antagonize_fail_text": null
},
{
    "patrol_id": "gen_train_fightingskill1",
    "biome": "Any",
    "season": "Any",
    "tags": ["training", "no_app", "platonic", "trust"],
    "intro_text": "p_l suggests this might be a good chance for the cats to practice new fighting techniques.",
    "decline_text": "They decide to focus on working on a different skill instead.",
    "chance_of_success": 80,
    "exp": 20,
    "success_text": [
        "Everyone has a nice practice session, picking up a nice selection of new tricks to try out in their next skirmish.",
        null,
        "s_c takes charge and coordinates exercises for the training patrol. Soon cats are practicing trips, tricks, and tumbles."
    ],
    "fail_text": [
            "Unfortunately, no one steps up to teach. It makes everything feel awkward and a waste of time, and the cats give up and return to camp a little irritated."
    ],
    "win_skills": ["good teacher", "great teacher", "fantastic teacher", "good fighter", "great fighter", "excellent fighter"],
    "min_cats": 3,
    "max_cats": 6,
    "antagonize_text": null,
    "antagonize_fail_text": null
},
{
    "patrol_id": "gen_train_fightingskill2",
    "biome": "Any",
    "season": "Any",
    "tags": ["training", "platonic", "trust"],
    "intro_text": "p_l suggests this might be a good chance to practice new fighting techniques with r_c.",
    "decline_text": "They decide to focus on working on a different skill instead.",
    "chance_of_success": 80,
    "exp": 20,
    "success_text": [
        "Both cats have a nice practice session, swapping their best tips and tricks with each other.",
        null,
        "s_c takes charge and coordinates exercises for the duo. They practice how to weave around an opponent, feeling more and more confident in their teamwork."
    ],
    "fail_text": [
        "Unfortunately, no one steps up to teach. It makes everything feel awkward and a waste of time, and the cats give up and return to camp a little irritated."
    ],
    "win_skills": ["good teacher", "great teacher", "fantastic teacher", "good fighter", "great fighter", "excellent fighter"],
    "min_cats": 2,
    "max_cats": 2,
    "antagonize_text": null,
    "antagonize_fail_text": null
},
{
    "patrol_id": "gen_train_fightingskill3",
    "biome": "Any",
    "season": "Any",
    "tags": ["training", "platonic", "trust", "warrior", "one_apprentice", "apprentice"],
    "intro_text": "p_l suggests this might be a good chance for the cats to practice new fighting techniques, particularly with app1 here to learn from them.",
    "decline_text": "They decide to focus on working on a different skill instead.",
    "chance_of_success": 80,
    "exp": 30,
    "success_text": [
        "Everyone has a nice practice session, picking up a nice selection of new tricks to try out in their next skirmish. app1 really gets into it, and is praised for their focus and enthusiasm.",
        null,
        "s_c takes charge and coordinates exercises for the training patrol. Soon cats are practicing trips, tricks, and tumbles."
    ],
    "fail_text": [
            "Unfortunately, no one steps up to teach. It makes everything feel awkward and a waste of time, and the cats give up and return to camp a little irritated."
    ],
    "win_skills": ["good teacher", "great teacher", "fantastic teacher", "good fighter", "great fighter", "excellent fighter"],
    "min_cats": 3,
    "max_cats": 6,
    "antagonize_text": null,
    "antagonize_fail_text": null
},
{
    "patrol_id": "gen_train_fightingskill4",
    "biome": "Any",
    "season": "Any",
    "tags": ["training", "platonic", "trust", "warrior", "apprentice"],
    "intro_text": "p_l suggests this might be a good chance to practice new fighting techniques with app1.",
    "decline_text": "They decide to focus on working on a different skill instead.",
    "chance_of_success": 80,
    "exp": 30,
    "success_text": [
        "Both cats have a nice practice session, with app1 soaking up all p_l's best tips and tricks.",
        null,
        "s_c takes charge and coordinates exercises for the duo. They practice how to weave around an opponent, feeling more and more confident in their teamwork. The warrior praises how quickly app1 picks it up, and the apprentice comes back to camp fluffed up with pride."
    ],
    "fail_text": [
            "Unfortunately, no one steps up to teach. app1 looks disappointed - what was p_l expecting, for them to lead the training?"
    ],
    "win_skills": ["good teacher", "great teacher", "fantastic teacher", "good fighter", "great fighter", "excellent fighter"],
    "min_cats": 2,
    "max_cats": 2,
    "antagonize_text": null,
    "antagonize_fail_text": null
},
{
    "patrol_id": "gen_train_fightingskill5",
    "biome": "Any",
    "season": "Any",
    "tags": ["training", "platonic", "trust", "warrior", "two_apprentices", "apprentice"],
    "intro_text": "p_l suggests this might be a good chance for the cats to practice new fighting techniques, particularly with the apprentices here to learn from them.",
    "decline_text": "They decide to focus on working on a different skill instead.",
    "chance_of_success": 80,
    "exp": 30,
    "success_text": [
        "Everyone has a nice practice session, picking up a nice selection of new tricks to try out in their next skirmish. app1 really gets into it, and is praised for their focus and enthusiasm.",
        null,
        "s_c takes charge and coordinates exercises for the training patrol. Soon cats are practicing trips, tricks, and tumbles."
    ],
    "fail_text": [
            "Unfortunately, no one steps up to teach. It makes everything feel awkward and a waste of time, and the cats give up and return to camp a little irritated."
    ],
    "win_skills": ["good teacher", "great teacher", "fantastic teacher", "good fighter", "great fighter", "excellent fighter"],
    "min_cats": 3,
    "max_cats": 6,
    "antagonize_text": null,
    "antagonize_fail_text": null
},
{
    "patrol_id": "gen_train_fightingskill6",
    "biome": "Any",
    "season": "Any",
    "tags": ["training", "platonic", "trust", "warrior", "three_apprentices", "apprentice"],
    "intro_text": "p_l suggests this might be a good chance for the cats to practice new fighting techniques, particularly with the apprentices here to learn from them.",
    "decline_text": "They decide to focus on working on a different skill instead.",
    "chance_of_success": 80,
    "exp": 30,
    "success_text": [
        "Everyone has a nice practice session, picking up a nice selection of new tricks to try out in their next skirmish. app1 really gets into it, and is praised for their focus and enthusiasm.",
        null,
        "s_c takes charge and coordinates exercises for the training patrol. Soon cats are practicing trips, tricks, and tumbles."
    ],
    "fail_text": [
            "Unfortunately, no one steps up to teach. It makes everything feel awkward and a waste of time, and the cats give up and return to camp a little irritated."
    ],
    "win_skills": ["good teacher", "great teacher", "fantastic teacher", "good fighter", "great fighter", "excellent fighter"],
    "min_cats": 3,
    "max_cats": 6,
    "antagonize_text": null,
    "antagonize_fail_text": null
},
{
    "patrol_id": "gen_train_fightingskill7",
    "biome": "Any",
    "season": "Any",
    "tags": ["training", "platonic", "trust", "warrior", "four_apprentices", "apprentice"],
    "intro_text": "p_l suggests this might be a good chance for the cats to practice new fighting techniques, particularly with the apprentices here to learn from them.",
    "decline_text": "They decide to focus on working on a different skill instead.",
    "chance_of_success": 80,
    "exp": 30,
    "success_text": [
        "Everyone has a nice practice session, picking up a nice selection of new tricks to try out in their next skirmish. app1 really gets into it, and is praised for their focus and enthusiasm.",
        null,
        "s_c takes charge and coordinates exercises for the training patrol. Soon cats are practicing trips, tricks, and tumbles."
    ],
    "fail_text": [
            "Unfortunately, no one steps up to teach. It makes everything feel awkward and a waste of time, and the cats give up and return to camp a little irritated."
    ],
    "win_skills": ["good teacher", "great teacher", "fantastic teacher", "good fighter", "great fighter", "excellent fighter"],
    "min_cats": 3,
    "max_cats": 6,
    "antagonize_text": null,
    "antagonize_fail_text": null
},
{
    "patrol_id": "gen_train_fightingskill8",
    "biome": "Any",
    "season": "Any",
    "tags": ["training", "platonic", "trust", "warrior", "five_apprentices", "apprentice"],
    "intro_text": "p_l suggests this might be a good chance for the cats to practice new fighting techniques, particularly with the apprentices here to learn from them.",
    "decline_text": "They decide to focus on working on a different skill instead.",
    "chance_of_success": 80,
    "exp": 30,
    "success_text": [
        "Everyone has a nice practice session, picking up a nice selection of new tricks to try out in their next skirmish. app1 really gets into it, and is praised for their focus and enthusiasm.",
        null,
        "s_c takes charge and coordinates exercises for the training patrol. Soon cats are practicing trips, tricks, and tumbles."
    ],
    "fail_text": [
            "Unfortunately, no one steps up to teach. It makes everything feel awkward and a waste of time, and the cats give up and return to camp a little irritated."
    ],
    "win_skills": ["good teacher", "great teacher", "fantastic teacher", "good fighter", "great fighter", "excellent fighter"],
    "min_cats": 3,
    "max_cats": 6,
    "antagonize_text": null,
    "antagonize_fail_text": null
},
{
    "patrol_id": "gen_train_huntingromance1",
    "biome": "Any",
    "season": "Any",
    "tags": ["training", "big_change", "platonic", "romantic", "no_app", "big_change", "no_change_fail"],
    "intro_text": "p_l suggests this might be a good chance to practice new hunting techniques with r_c.",
    "decline_text": "They decide to focus on working on a different skill instead.",
    "chance_of_success": 70,
    "exp": 10,
    "success_text": [
        "As p_l and r_c run around c_n's territory, theoretically training, r_c feels wild and free and like they're going to burst with unexpected happiness! They turn and pounce on p_l, starting a little play fight with their mock-prey.",
        "As r_c creeps forward, practising their stalk, p_l notices their butt wiggling in excitement. They laugh to themselves softly, and pad over to give r_c a head's up about the bad habit.",
        "s_c takes charge and coordinates exercises for the duo. They practice how to bring down prey together, their confidence and admiration for each other growing."
    ],
    "fail_text": [
        "Unfortunately, no one steps up to teach. It makes everything feel awkward and a waste of time, and the cats give up and return to camp a little irritated."
    ],
    "win_skills": ["good hunter", "great hunter", "fantastic hunter"],
    "min_cats": 2,
    "max_cats": 2,
    "antagonize_text": null,
    "antagonize_fail_text": null
},
{
    "patrol_id": "gen_train_fightingromance1",
    "biome": "Any",
    "season": "Any",
    "tags": ["training", "big_change", "platonic", "romantic", "trust", "no_app", "big_change", "no_change_fail"],
    "intro_text": "p_l suggests this might be a good chance to practice new fighting techniques with r_c.",
    "decline_text": "They decide to focus on working on a different skill instead.",
    "chance_of_success": 70,
    "exp": 10,
    "success_text": [
        "The two cats set up in the sparring area. p_l can't lay a paw on r_c, their focus completely disrupted as r_c whips their tail along p_l's throat teasingly.",
        "r_c takes p_l down with a fantastic pounce, and p_l hits the ground with an audible gasp, shocked and impressed.",
        "s_c takes charge and coordinates exercises for the duo. They practice how to weave around an opponent, feeling more and more confident in their teamwork."
    ],
    "fail_text": [
        "Unfortunately, no one steps up to teach. It makes everything feel awkward and a waste of time, and the cats give up and return to camp a little irritated."
    ],
    "win_skills": ["good fighter", "great fighter", "excellent fighter"],
    "min_cats": 2,
    "max_cats": 2,
    "antagonize_text": null,
    "antagonize_fail_text": null
},
{
    "patrol_id": "gen_train_smartromance1",
    "biome": "Any",
    "season": "Any",
    "tags": ["training", "big_change", "platonic", "romantic", "no_app", "no_change_fail", "big_change"],
    "intro_text": "As they wander aimlessly towards the sparring area for a training session, r_c stops p_l and asks for their advice with something.",
    "decline_text": "It's not the right time for this conversation, maybe once they're back at camp.",
    "chance_of_success": 70,
    "exp": 10,
    "success_text": [
        "As p_l nods along sympathetically, r_c describes a recent stupid decision they made. They're not looking to be absolved, but they ask p_l what they'd do in r_c's place in order to fix it - and p_l feels a lot of pride to be the cat r_c chooses to confide in.",
        "Maybe it's a stupid idea, this vague plan r_c has been thinking about for getting more fresh-kill. But p_l reassures them, making them feel listened to and valued, and the cats work on the idea, evolving it together.",
        "s_c knows just what to do, and the smile on r_c's face when they present their solution makes all the effort of solving things worth it."
    ],
    "fail_text": [
            "p_l refuses, saying they have no time to talk. r_c accepts that answer, crestfallen, with tail drooping."
    ],
    "win_skills": ["smart", "very smart", "extremely smart"],
    "min_cats": 2,
    "max_cats": 2,
    "antagonize_text": null,
    "antagonize_fail_text": null
},
{
    "patrol_id": "gen_train_speakingromance1",
    "biome": "Any",
    "season": "Any",
    "tags": ["training", "big_change", "platonic", "romantic", "no_app", "big_change", "no_change_fail"],
    "intro_text": "Quietly, r_c brings p_l aside as they work on their chores, asking for help with wording something difficult.",
    "decline_text": "Both of them are interrupted by a request form a Clanmate - this conversation will have to wait.",
    "chance_of_success": 70,
    "exp": 10,
    "success_text": [
        "p_l gives them all their attention, as r_c talks about how, hypothetically, if they were interested in another warrior, how one might possibly maybe go about talking to them about it? Hypothetically. For a friend.",
        "r_c talks about how, sometimes, often even, they feel like they're tripping over their own tongue, never able to say anything helpful or pretty. But p_l meows that no way, r_c says such meaningful and beautiful things! They don't want r_c to change.",
        "s_c talks about how making the right words, teh right effects, can sometimes feel impossible. But that it's always better to try, than to never talk at all, and talking things out can create wonderful connections."
    ],
    "fail_text": [
        "It's a terrible place to try carrying on a conversation, carrying away old bedding, and their private talk dies off awkwardly."
    ],
    "win_skills": ["good speaker", "great speaker", "excellent speaker"],
    "min_cats": 2,
    "max_cats": 2,
    "antagonize_text": null,
    "antagonize_fail_text": null
},
{
    "patrol_id": "gen_train_teachingromance1",
    "biome": "Any",
    "season": "Any",
    "tags": ["training", "big_change", "platonic", "romantic", "no_app", "big_change"],
    "intro_text": "During an odd moment of downtime, r_c asks p_l if they think they're a good teacher.",
    "decline_text": "They're interrupted by some Clanmates who need help, and go off to attend to their duties.",
    "chance_of_success": 70,
    "exp": 10,
    "success_text": [
        "Helping their Clanmates is so important, and r_c feels like they never do a good enough job. p_l interrupts them, shocked - they've always thought r_c has done great! r_c blushes and hides their nose in their paws.",
        "r_c talks about how they want to get better at mentoring and helping c_n's apprentices. p_l really admires them for their determination to always improve upon themselves.",
        "s_c describes their personal approach to teaching other cats, and r_c admires them for how much thought they put into it - it's a whole lot of work!"
    ],
    "fail_text": [
        "The conversation dies off awkwardly as p_l refuses to give r_c an answer."
    ],
    "win_skills": ["good teacher", "great teacher", "fantastic teacher"],
    "min_cats": 2,
    "max_cats": 2,
    "antagonize_text": null,
    "antagonize_fail_text": null
},
{
    "patrol_id": "gen_train_starclanromance1",
    "biome": "Any",
    "season": "Any",
    "tags": ["training", "big_change", "platonic", "romantic", "no_app"],
    "intro_text": "p_l gets taken aside by r_c as they ask why they feel like StarClan ignores them.",
    "decline_text": "Neither of them have the time for such a conversation today - it'll have to wait.",
    "chance_of_success": 70,
    "exp": 10,
    "success_text": [
        "It is easy to wonder why StarClan place their paws on some cats and not others. r_c is comforted to know p_l feels that too sometimes, and they end up spending the afternoon discussing it together, both cats feeling validated and reassured.",
        "p_l tells r_c that one day StarClan will call on them, for all their many talents and their drive and determination to help c_n. r_c ducks their head, embarassed and pleased.",
        "s_c knows how hard it is, feeling the pull of the ancestors watching over them. With r_c, they go to a quiet area near camp and show them how to breath, to feel connected to the world around them and let their worries evaporate from their pelt."
    ],
    "fail_text": [
        "p_l tells r_c they should be glad to escape StarClan's attention, and r_c pads away, disappointed."
    ],
    "win_skills": ["strong connection to starclan"],
    "min_cats": 2,
    "max_cats": 2,
    "antagonize_text": null,
    "antagonize_fail_text": null
}
]
