{
    "born without a leg": [
        "m_c mewls, snuggling up to their parent as they anxiously await the verdict, but r_c is confident that m_c's lack of a leg won't slow them down, and the new family is left to bond, relieved and purring.",
        "It's immediately clear that m_c might take longer to find their feet - they've been born without one of the usual set."

    ],
    "weak leg": [
        "As m_c toddles around the nursery, r_c watches and m_c's parent waits in suspense. Finally, r_c nods, and confirms that one of m_c's legs isn't developing at the same rate as the others.",
        "m_c keeps falling to one side, and eventually it's clear that one of the legs on that side just isn't as strong as the others."

    ],
    "twisted leg": [
        "r_c examines m_c as their parent holds them by the scruff, checking on a leg that is becoming twisted as the kit grows.",
        "m_c takes a bad fall while climbing something they shouldn't, and tries to hide the injury afterwards. By the time it's treated, the leg has grown twisted."

    ],
    "born without a tail": [
        "m_c is healthy, r_c confirms, but they simply haven't been born with a tail.",
        "m_c is fluffy and full of yelling and the want for milk, but they'll never be able to lash their tail like the other kittens, having been born without one."

    ],
    "paralyzed": [
        "r_c soothes m_c's frantically worried parent - their kit will never walk, but it's still possible for them to have a happy healthy life.",
        "It's immediately clear that m_c can't feel their hindlegs when they're born, but they seem like a happy bundle of newborn fluff anyway."

    ],
    "raspy lungs": [
        "m_c has been having a lot of trouble keeping up while playing. r_c listens to their chest, and diagnoses them as having raspy lungs.",
        "As m_c grows, they seem incapable of not snoring and panting loudly, until eventually it's clear their lungs are a little weaker than normal."

    ],
    "wasting disease": [
        "r_c has been called in by m_c's worried parent, and unfortunately that worry was well-founded, as m_c seems to have wasting disease.",
        "m_c seems weaker, lately, unable to play as much or explore as far.",
        "m_c is a sickly kit and the Clan fears they may not live past kithood. Even if they do, this sickness may never leave them."
    ],
    "blind": [
        "m_c has never had any trouble getting around, but one day they ask a strange question about how someone knew someone else was napping on the other side of camp, and r_c realizes they're blind.",
        "m_c fits in perfectly at first, but as they grow and open their eyes, it becomes clear that to m_c there's no difference between having their eyes closed or open."

    ],
    "one bad eye": [
        "Spotting m_c stumbling over something on their right side, r_c brings them to the medicine cat den, where it becomes clear that eye isn't working as normal.",
        "m_c has become good at not letting things approaching on their bad side startle them, except it turns out that's not a normal universal experience for a kitten to have."

    ],
    "failing eyesight": [
        "When m_c complains how dark it's been recently, r_c checks their eyesight over - only to find it near gone.",
        "m_c doesn't understand how everyone else seems to see so far - and is sad to find out their eyesight is failing."

    ],
    "partial hearing loss": [
        "r_c is called in to assess m_c's hearing, and while it's still present, m_c definitely isn't hearing clearly.",
        "m_c keeps asking cats to repeat themselves, until it's clear that something about their hearing is weak and unreliable."

    ],
    "deaf": [
        "When most kittens are learning to talk, m_c seems delayed. r_c is called, and they report that while m_c will live life just fine, it appears they've never been able to hear.",
        "m_c isn't bothered by being deaf, though the Clan seems to want to comfort them when everyone finds out that's why learning to talk has been so hard."

    ],
    "constant joint pain": [
        "m_c's worried parent calls in r_c after weeks of constant pain. r_c can provide pain relief, but it's possible this may be a constant in m_c's life.",
        "m_c refuses once again to go out and play, their joints swollen and painful. It's becoming clear that it's not an isolated instance, and m_c might need some help."

    ],
    "seizure prone": [
        "r_c wakes m_c slowly. They've had a seizure, and are in the medicine cat den just while they recover, r_c explains. It might happen again in the future, and m_c needs to be prepared.",
        "In the middle of camp, right as they're about to pounce, m_c falls to the ground and begins shaking, a seizure rolling through their little body."

    ],
    "allergies": [
        "m_c sneezes again, their frantic parent yowling about whitecough, but r_c calms everyone down. It's only allergies, and they have just the herbs to help.",
        "In the middle of playing, m_c sneezes so hard they fall over. Again. This is really becoming a pattern."

    ]
}