{
    "kitten": {
        "unfriendly": [],
        "neutral": [
            "trips over (cat).",
            "is watching over (cat)."
        ],
        "friendly": [
            "trains playfully with (cat).",
            "gave (cat) a trinket they found while out on patrol today.",
            "is charmed to hear that (cat) really admires them."
        ],
        "close": []
    },
    "medicine cat apprentice": {
        "unfriendly": [],
        "neutral": [
            "is frustrated that (cat) won't take their duties more seriously.",
            "has a mock battle with (cat).",
            "is jealous that (cat) got praised by the leader."
        ],
        "friendly": [],
        "close": []
    },
    "apprentice": {
        "unfriendly": [],
        "neutral": [
            "is frustrated that (cat) won't take their duties more seriously.",
            "has a mock battle with (cat).",
            "has been listening to (cat) talk about how hard training has been.",
            "is jealous that (cat) got praised by the leader."
        ],
        "friendly": [],
        "close": []
    },
    "warrior": {
        "unfriendly": [],
        "neutral": [
            "is frustrated that (cat) won't take their duties more seriously.",
            "is jealous that (cat) got to fight in a border skirmish when they didn't."
        ],
        "friendly": [],
        "close": []
    },
    "medicine cat": {
        "unfriendly": [],
        "neutral": [
            "watched (cat) show kindness and compassion towards their patients.",
            "caught a glimpse of (cat) caring for a wounded warrior with confidence and grace.",
            "feels like (cat) isn't taking their health seriously.",
            "went to (cat) for advice about a dream they had."
        ],
        "friendly": [],
        "close": []
    },
    "leader": {
        "unfriendly": [
            "accuses (cat) of being a bad leader."
        ],
        "neutral": [],
        "friendly": [],
        "close": []
    },
    "deputy": {
        "unfriendly": [
            "accuses (cat) of being a bad deputy."
        ],
        "neutral": [],
        "friendly": [],
        "close": []
    },
    "elder": {
        "unfriendly": [],
        "neutral": [],
        "friendly": [],
        "close": []
    },
    "mediator": {
        "unfriendly": [],
        "neutral": [],
        "friendly": [],
        "close": []
    },
    "mediator apprentice": {
        "unfriendly": [],
        "neutral": [],
        "friendly": [],
        "close": []
    }
}